snapshot_index,age_myr,phase,r_bubble_pc,r_shell_pc,r_if_pc,P_HII_code_Msun_per_pc_Myr2,P_HII_over_kB_K_cm3,Pb_over_kB_K_cm3,P_ram_over_kB_K_cm3,P_drive_over_kB_K_cm3
0,6.185964165870069e-07,energy,0.002313080872997626,0.0023131714585737776,0.0023131714585737776,213576569.5556929,1000962379062.0302,1000962379062.03,0.0,1000962379062.0302
1,3.0618596416587006e-05,energy,0.06949030067130951,0.06987430209970219,0.06987430209970219,265422.0056846975,1243944702.4468272,1243944702.4468272,0.0,1243944702.4468272
2,6.061859641658701e-05,energy,0.08546146431684844,0.0859945595679727,0.0859945595679727,236562.31084289486,1108688906.9822307,1108688906.9822304,0.0,1108688906.9822307
3,9.061859641658701e-05,energy,0.0957285509108677,0.09635952703451174,0.09635952703451174,224450.81739377044,1051926363.5906509,1051926363.5906508,0.0,1051926363.5906509
4,0.000120618596416587,energy,0.10362790485938707,0.10433705972202043,0.10433705972202043,216506.39560878093,1014693499.767067,1014693499.7670668,0.0,1014693499.767067
5,0.000150618596416587,energy,0.11019605377311852,0.11097443997088786,0.11097443997088786,210124.79653103257,984785066.419853,984785066.4198529,0.0,984785066.419853
6,0.000180618596416587,energy,0.11590310249557398,0.11674234785264084,0.11674234785264084,204489.88810943568,958376123.9445057,958376123.9445057,0.0,958376123.9445057
7,0.000210618596416587,energy,0.1210049332258555,0.12190615839124588,0.12190615839124588,199286.01566263495,933987303.7873081,933987303.787308,0.0,933987303.7873081
8,0.000240618596416587,energy,0.12565713262570735,0.12662170598233394,0.12662170598233394,194374.09206479948,910966750.8282989,910966750.8282988,0.0,910966750.8282989
9,0.000270618596416587,energy,0.12996169248856582,0.13098130910250116,0.13098130910250116,189686.2336503708,888996316.8945856,888996316.8945855,0.0,888996316.8945856
10,0.000300618596416587,energy,0.13398914805716203,0.13506506310966984,0.13506506310966984,185186.66364104097,867908328.1200469,867908328.1200467,0.0,867908328.1200469
11,0.00033061859641658704,energy,0.13779032197585173,0.13892383147584797,0.13892383147584797,180854.87828275358,847606690.2257892,847606690.2257892,0.0,847606690.2257892
12,0.00036061859641658707,energy,0.14140307245718392,0.1425954969405379,0.1425954969405379,176677.59895139092,828029170.7149839,828029170.7149839,0.0,828029170.7149839
13,0.0003906185964165871,energy,0.1448563478421836,0.1460985839704821,0.1460985839704821,172645.36847678848,809131446.9750584,809131446.9750583,0.0,809131446.9750584
14,0.0004206185964165871,energy,0.1481727336895311,0.14947640491208317,0.14947640491208317,168750.92627032846,790879491.0409068,790879491.0409068,0.0,790879491.0409068
15,0.00045061859641658714,energy,0.15137020347867852,0.15272590103383654,0.15272590103383654,164987.90525342495,773243462.5318996,773243462.5318997,0.0,773243462.5318996
16,0.00048061859641658716,energy,0.15446328531678408,0.1558829643658022,0.1558829643658022,161350.4470862999,756195905.3570724,756195905.3570722,0.0,756195905.3570724
17,0.0005106185964165871,energy,0.15746388141148346,0.15893782193187922,0.15893782193187922,157833.00444255682,739710821.0417857,739710821.0417856,0.0,739710821.0417857
18,0.0005406185964165871,energy,0.1603818590442103,0.16192235021798448,0.16192235021798448,154430.19669980387,723762992.3976492,723762992.3976492,0.0,723762992.3976492
19,0.0005706185964165871,energy,0.16322548408190451,0.16482249536537075,0.16482249536537075,151136.78116622768,708327848.6710399,708327848.6710398,0.0,708327848.6710399
20,0.000600618596416587,energy,0.16600174617416466,0.16765633709219827,0.16765633709219827,147947.6567989616,693381482.9698578,693381482.9698578,0.0,693381482.9698578
21,0.000630618596416587,energy,0.16871658373388795,0.1704415571004544,0.1704415571004544,144857.93782960076,678900997.3218381,678900997.3218379,0.0,678900997.3218381
22,0.000660618596416587,energy,0.171375120636047,0.1731599864216005,0.1731599864216005,141862.73476823253,664863476.3132463,664863476.3132461,0.0,664863476.3132463
23,0.000690618596416587,energy,0.17398178991162436,0.1758276423300558,0.1758276423300558,138957.30073895553,651246672.9148073,651246672.9148072,0.0,651246672.9148073
24,0.0007206185964165869,energy,0.17654043254336357,0.17844838116155134,0.17844838116155134,136137.09245683535,638029294.2604257,638029294.2604257,0.0,638029294.2604257
25,0.0007506185964165869,energy,0.1790544129751836,0.1810379825630814,0.1810379825630814,133397.68686398785,625190610.9482217,625190610.9482216,0.0,625190610.9482217
26,0.0007806185964165869,energy,0.1815267105441171,0.18357482007109027,0.18357482007109027,130734.7462174548,612710293.4190105,612710293.4190103,0.0,612710293.4190105
27,0.0008106185964165868,energy,0.18395996100062728,0.1860737840170637,0.1860737840170637,128144.06274497729,600568621.2430673,600568621.2430673,0.0,600568621.2430673
28,0.0008406185964165868,energy,0.18635649140641827,0.18853722855645505,0.18853722855645505,125621.58463296614,588746604.9171042,588746604.9171041,0.0,588746604.9171042
29,0.0008706185964165868,energy,0.18871837920953038,0.1909672616879362,0.1909672616879362,123163.38789710657,577225854.0311468,577225854.0311465,0.0,577225854.0311468
30,0.0009006185964165867,energy,0.1910474862107318,0.19337902677122848,0.19337902677122848,120765.68280594591,565988607.3737531,565988607.3737531,0.0,565988607.3737531
31,0.0009306185964165867,energy,0.1933455000865109,0.19574792966388488,0.19574792966388488,118424.74404582911,555017405.6382836,555017405.6382835,0.0,555017405.6382836
32,0.0009606185964165867,energy,0.19561394312872515,0.19808861144099577,0.19808861144099577,116136.94545227972,544295254.1973372,544295254.1973372,0.0,544295254.1973372
33,0.0009906185964165867,energy,0.19785418032162877,0.20040248553672252,0.20040248553672252,113898.79989939724,533805810.0510955,533805810.05109537,0.0,533805810.0510955
34,0.0010206185964165867,energy,0.20006745059181225,0.2026905587846008,0.2026905587846008,111725.18837549786,523618815.4446874,523618815.44468737,0.0,523618815.4446874
35,0.0010506185964165868,energy,0.20225488492581092,0.20495305590280521,0.20495305590280521,109669.12712558758,513982739.89347494,513982739.8934749,0.0,513982739.89347494
36,0.001080618596416587,energy,0.20441753308053223,0.20719103293944435,0.20719103293944435,107720.61328609334,504850703.30129224,504850703.3012922,0.0,504850703.30129224
37,0.001110618596416587,energy,0.2065563821248561,0.2094055213077826,0.2094055213077826,105868.60617219766,496170961.6488193,496170961.6488193,0.0,496170961.6488193
38,0.001140618596416587,energy,0.20867236055901328,0.21161211395960475,0.21161211395960475,104103.66005451621,487899245.94261664,487899245.9426166,0.0,487899245.94261664
39,0.0011706185964165871,energy,0.21076635138481,0.2137826371358634,0.2137826371358634,102417.62558508021,479997362.8979638,479997362.8979638,0.0,479997362.8979638
40,0.0012006185964165872,energy,0.21283918485859102,0.21591747111690054,0.21591747111690054,100803.45383789501,472432276.5421035,472432276.54210347,0.0,472432276.5421035
41,0.0012306185964165873,energy,0.21489162409404702,0.21804713587992378,0.21804713587992378,99255.07441117305,465175536.91993177,465175536.9199317,0.0,465175536.91993177
42,0.0012606185964165874,energy,0.21692438839380287,0.2201575873272222,0.2201575873272222,97767.174560488,458202244.96451724,458202244.9645172,0.0,458202244.96451724
43,0.0012906185964165874,energy,0.21893816455875162,0.22224953214753784,0.22224953214753784,96335.07208023232,451490456.73475283,451490456.73475283,0.0,451490456.73475283
44,0.0013206185964165875,energy,0.22093360027729902,0.22432363572603892,0.22432363572603892,94954.62502416548,445020760.3055782,445020760.3055781,0.0,445020760.3055782
45,0.0013506185964165876,energy,0.22291130680649462,0.22638052457699498,0.22638052457699498,93622.17460092518,438776008.1382248,438776008.1382247,0.0,438776008.1382248
46,0.0013806185964165877,energy,0.22487186147436938,0.22842078908170999,0.22842078908170999,92334.47629961363,432740994.2887358,432740994.2887358,0.0,432740994.2887358
47,0.0014106185964165878,energy,0.22681581001305098,0.23044498616913714,0.23044498616913714,91088.63685930663,426902159.00500953,426902159.0050095,0.0,426902159.00500953
48,0.0014406185964165878,energy,0.22874366872845722,0.23245364207106992,0.23245364207106992,89882.05193123223,421247296.5701543,421247296.5701543,0.0,421247296.5701543
49,0.001470618596416588,energy,0.23065592651134484,0.23443098240804108,0.23443098240804108,88712.37858693663,415765426.45740175,415765426.4574017,0.0,415765426.45740175
50,0.001500618596416588,energy,0.23255304006650998,0.23640987412376727,0.23640987412376727,87577.5131030545,410446689.21471083,410446689.2147108,0.0,410446689.21471083
51,0.001530618596416588,energy,0.23443544294094792,0.23837462637637513,0.23837462637637513,86475.54209784642,405282117.4579628,405282117.45796275,0.0,405282117.4579628
52,0.0015606185964165882,energy,0.23630355337540046,0.24032566235854746,0.24032566235854746,85404.72495168554,400263553.48162687,400263553.48162687,0.0,400263553.48162687
53,0.0015906185964165882,energy,0.23815776877901945,0.2422633840501009,0.2422633840501009,84363.45767597886,395383479.92440546,395383479.92440546,0.0,395383479.92440546
54,0.0016206185964165883,energy,0.23999846710013428,0.24417121080084192,0.24417121080084192,83350.27251577412,390635017.906785,390635017.90678495,0.0,390635017.906785
55,0.0016506185964165884,energy,0.24182600235376403,0.24608328902107984,0.24608328902107984,82363.82932732333,386011886.62054265,386011886.62054265,0.0,386011886.62054265
56,0.0016806185964165885,energy,0.24364071207083188,0.24798313233685393,0.24798313233685393,81402.88681008233,381508268.502692,381508268.5026919,0.0,381508268.502692
57,0.0017106185964165885,energy,0.24544292382080893,0.24987107039695466,0.24987107039695466,80466.29172531779,377118758.7066783,377118758.7066782,0.0,377118758.7066783
58,0.0017406185964165886,energy,0.24723295017883237,0.2517299194750876,0.2517299194750876,79552.97494161892,372838346.56900644,372838346.5690064,0.0,372838346.56900644
59,0.0017706185964165887,energy,0.24901108451092302,0.2535948377383176,0.2535948377383176,78661.9535746356,368662425.63748235,368662425.63748235,0.0,368662425.63748235
60,0.0018006185964165888,energy,0.25077760744443034,0.2554487412040127,0.2554487412040127,77792.30548559206,364586674.1542244,364586674.15422434,0.0,364586674.1542244
61,0.0018306185964165889,energy,0.25253279256497624,0.257274012629398,0.257274012629398,76943.16429792826,360607031.70031804,360607031.70031804,0.0,360607031.70031804
62,0.001860618596416589,energy,0.2542768969968129,0.2591065621652374,0.2591065621652374,76113.72670654528,356719733.4518194,356719733.45181936,0.0,356719733.4518194
63,0.001890618596416589,energy,0.25601016726633885,0.2609288751867553,0.2609288751867553,75303.2366355025,352921235.93214846,352921235.93214846,0.0,352921235.93214846
64,0.001920618596416589,energy,0.2577328444853255,0.2627229140542928,0.2627229140542928,74510.9769099579,349208177.9812417,349208177.98124164,0.0,349208177.9812417
65,0.0019506185964165892,energy,0.2594451555418638,0.26452533454504473,0.26452533454504473,73736.27897336062,345577426.29680353,345577426.2968035,0.0,345577426.29680353
66,0.0019806185964165893,energy,0.26114731844249256,0.26631820369135767,0.26631820369135767,72978.51174800767,342026023.2274386,342026023.2274385,0.0,342026023.2274386
67,0.0020106185964165893,energy,0.2628395470528342,0.26808307441111956,0.26808307441111956,72237.07485384584,338551154.9914308,338551154.9914308,0.0,338551154.9914308
68,0.0020406185964165894,energy,0.2645220428506778,0.26985734161150954,0.26985734161150954,71511.4041491108,335150177.64387673,335150177.6438767,0.0,335150177.64387673
69,0.0020706185964165895,energy,0.2661949998176555,0.27162266452624656,0.27162266452624656,70800.96410736896,331820581.35041535,331820581.35041535,0.0,331820581.35041535
70,0.0021006185964165896,energy,0.26785860879561585,0.2733601965687344,0.2733601965687344,70105.23864313385,328559947.38994145,328559947.3899414,0.0,328559947.38994145
71,0.0021306185964165896,energy,0.26951304975559576,0.27510806541481614,0.27510806541481614,69423.74360303339,325366006.6965544,325366006.69655436,0.0,325366006.6965544
72,0.0021606185964165897,energy,0.2711584962955718,0.2768475314540722,0.2768475314540722,68756.02224181617,322236618.6571036,322236618.6571036,0.0,322236618.6571036
73,0.00219061859641659,energy,0.2727951196610935,0.2785593564404836,0.2785593564404836,68101.63478549435,319169722.1971085,319169722.1971085,0.0,319169722.1971085
74,0.00222061859641659,energy,0.2744230814910845,0.2802823941018021,0.2802823941018021,67460.16447930456,316163364.1255414,316163364.1255413,0.0,316163364.1255414
75,0.00225061859641659,energy,0.2760425379717889,0.28197786073232645,0.28197786073232645,66831.2152260414,313215688.06648093,313215688.06648093,0.0,313215688.06648093
76,0.00228061859641659,energy,0.27765364013240895,0.28368509066503594,0.28368509066503594,66214.40732353248,310324914.48207515,310324914.4820751,0.0,310324914.48207515
77,0.00231061859641659,energy,0.27925653406313505,0.28538469722527876,0.28538469722527876,65609.37880604492,307489346.95926785,307489346.9592678,0.0,307489346.95926785
78,0.00234061859641659,energy,0.2808513644633073,0.28705680613571116,0.28705680613571116,65015.7780207146,304707337.41799,304707337.41798997,0.0,304707337.41799
79,0.0023706185964165903,energy,0.2824382680953205,0.2887414671000484,0.2887414671000484,64433.27227796835,301977326.6528132,301977326.6528132,0.0,301977326.6528132
80,0.0024006185964165904,energy,0.2840173774511633,0.2903986561277562,0.2903986561277562,63861.54399713085,299297826.2686902,299297826.26869017,0.0,299297826.2686902
81,0.0024306185964165904,energy,0.28558882097284954,0.292068896416537,0.292068896416537,63300.286893517194,296667400.8111257,296667400.8111257,0.0,296667400.8111257
82,0.0024606185964165905,energy,0.2871527232082903,0.29371167598757336,0.29371167598757336,62749.207420801635,294084674.5260789,294084674.5260789,0.0,294084674.5260789
83,0.0024906185964165906,energy,0.2887092050083578,0.29536798867551656,0.29536798867551656,62208.0232575593,291548324.2668878,291548324.2668878,0.0,291548324.2668878
84,0.0025206185964165907,energy,0.29025838366378043,0.2969968386633954,0.2969968386633954,61676.46334248032,289057079.6593058,289057079.65930575,0.0,289057079.6593058
85,0.0025506185964165907,energy,0.29180037308204976,0.2986396876503783,0.2986396876503783,61154.266352429695,286609715.96867496,286609715.96867496,0.0,286609715.96867496
86,0.002580618596416591,energy,0.29333528390798025,0.30027602882887355,0.30027602882887355,60641.18414426945,284205070.2306013,284205070.2306013,0.0,284205070.2306013
87,0.002610618596416591,energy,0.294863226419041,0.3018848848803618,0.3018848848803618,60136.971382031035,281841992.6369611,281841992.63696104,0.0,281841992.6369611
88,0.002640618596416591,energy,0.29638430503480534,0.3035084138699295,0.3035084138699295,59641.39568247334,279519394.0847578,279519394.0847578,0.0,279519394.0847578
89,0.002670618596416591,energy,0.2978986213071185,0.30510442763537216,0.30510442763537216,59154.23189837777,277236219.3838269,277236219.38382685,0.0,277236219.3838269
90,0.002700618596416591,energy,0.2994062740563834,0.30671554517476224,0.30671554517476224,58675.26455678182,274991458.68402606,274991458.684026,0.0,274991458.68402606
91,0.0027306185964165912,energy,0.3009073594598766,0.3082991078079844,0.3082991078079844,58204.28569616461,272784137.3388427,272784137.33884263,0.0,272784137.3388427
92,0.0027606185964165913,energy,0.3024019711755798,0.3098981928289532,0.3098981928289532,57741.09438822805,270613313.6641412,270613313.6641411,0.0,270613313.6641412
93,0.0027906185964165914,energy,0.30389020042069365,0.31146967471046266,0.31146967471046266,57285.496514522994,268478077.8912841,268478077.89128405,0.0,268478077.8912841
94,0.0028206185964165915,energy,0.3053721360841051,0.3130570864440419,0.3130570864440419,56837.30369262968,266377547.13449675,266377547.1344967,0.0,266377547.13449675
95,0.0028506185964165915,energy,0.3068478647960031,0.3146168390751942,0.3146168390751942,56396.334295455505,264310870.1679772,264310870.16797715,0.0,264310870.1679772
96,0.0028806185964165916,energy,0.30831747103018614,0.3161929185163226,0.3161929185163226,55962.41303127545,262277225.4576851,262277225.4576851,0.0,262277225.4576851
97,0.0029106185964165917,energy,0.30978103716608996,0.31774127564398347,0.31774127564398347,55962.41303127545,262277225.4576851,260275816.8159523,0.0,262277225.4576851
98,0.0034106185964165917,implicit,0.3334086278992772,0.3429816703311915,0.3429816703311915,49360.91412934936,231338194.73912945,231338194.73912945,0.0,231338194.73912945
99,0.0038077827137787323,implicit,0.351286864463517,0.3628797199123152,0.3628797199123152,42615.70523324393,199725643.0535127,199725643.05351266,0.0,199725643.0535127
100,0.004123261386018829,implicit,0.36493937503842033,0.3778294134937104,0.3778294134937104,39639.036250100864,185774985.10800207,185774985.10800204,0.0,185774985.10800207
101,0.00452042550338097,implicit,0.3814540280032912,0.3954879415731909,0.3954879415731909,37989.0695039993,178042139.49208635,178042139.49208635,0.0,178042139.49208635
102,0.0048359041756210665,implicit,0.3941108685252984,0.40916699692021574,0.40916699692021574,36514.69242300566,171132224.26263937,171132224.2626393,0.0,171132224.26263937
103,0.005233068292983208,implicit,0.4095473318341576,0.4260375192946648,0.4260375192946648,34505.23182233206,161714550.4622501,161714550.4622501,0.0,161714550.4622501
104,0.005548546965223304,implicit,0.42145768805805034,0.43927765040533356,0.43927765040533356,32786.215586991195,153658092.84542167,153658092.84542164,0.0,153658092.84542167
105,0.005945711082585445,implicit,0.43604304280358663,0.4554546423113135,0.4554546423113135,31011.560970285253,145340876.63183236,145340876.63183236,0.0,145340876.63183236
106,0.006445711082585445,implicit,0.4538163610460657,0.4752851998317724,0.4752851998317724,29061.7661986492,136202836.73654035,136202836.73654032,0.0,136202836.73654035
107,0.006842875199947586,implicit,0.4675098407454783,0.49082746810374367,0.49082746810374367,27476.61688063509,128773768.85784586,128773768.85784586,0.0,128773768.85784586
108,0.007342875199947587,implicit,0.48425011220437,0.5097325334958067,0.5097325334958067,25944.62765403512,121593844.65480714,121593844.6548071,0.0,121593844.65480714
109,0.00797233790584467,implicit,0.5046080628352192,0.5328348720982647,0.5328348720982647,24267.19076315899,113732255.60264309,113732255.60264306,0.0,113732255.60264309
110,0.00847233790584467,implicit,0.520264540371851,0.550957655066976,0.550957655066976,22912.266489469574,107382175.96955207,107382175.96955207,0.0,107382175.96955207
111,0.009101800611741753,implicit,0.539372479508032,0.5729697786214757,0.5729697786214757,21596.15361390874,101213992.4568376,101213992.4568376,0.0,101213992.4568376
112,0.00989424720797231,implicit,0.5625649993378384,0.5998809302456166,0.5998809302456166,20159.844704614658,94482490.09257616,94482490.09257616,0.0,94482490.09257616
113,0.010523709913869393,implicit,0.580369678443763,0.621011760198993,0.621011760198993,18997.068414755428,89032944.18107618,89032944.18107618,0.0,89032944.18107618
114,0.01131615651009995,implicit,0.6020619208732318,0.646632044376485,0.646632044376485,17891.974732792838,83853737.47649783,83853737.47649783,0.0,83853737.47649783
115,0.012313787667584388,implicit,0.6283384421246623,0.6766626588298601,0.6766626588298601,16688.308828579684,78212555.53606556,78212555.53606555,0.0,78212555.53606556
116,0.013106234263814945,implicit,0.6486606204443862,0.699950161723137,0.6999315596144118,15695.459165207098,73559399.2316648,73559399.2316648,0.0,73559399.2316648
117,0.014103865421299384,implicit,0.673836440493283,0.7282432666019005,0.7282432666019005,14706.85764335623,68926152.55430327,68926152.55430327,0.0,68926152.55430327
118,0.015359808637054174,implicit,0.7048415265646276,0.7630214925829496,0.7630214925829496,13637.437202959529,63914134.4735563,63914134.473556295,0.0,63914134.4735563
119,0.016357439794538613,implicit,0.7289124332962977,0.7914149773503161,0.7914149773503161,12698.05130686392,59511545.07262492,59511545.072624914,0.0,59511545.07262492
120,0.017613383010293405,implicit,0.7584881906838151,0.8250947294930571,0.8250947294930571,11840.80697448588,55493925.87329224,55493925.87329223,0.0,55493925.87329224
121,0.018611014167777846,implicit,0.7814164299585283,0.8512777042732295,0.8512777042732295,11240.535650822809,52680653.736435376,52680653.73643537,0.0,52680653.736435376
122,0.019866957383532637,implicit,0.8095900830229482,0.8823588996158579,0.8823588996158579,10676.602813319607,50037688.00366472,50037688.00366472,0.0,50037688.00366472
123,0.021448096213616825,implicit,0.8440512000646005,0.9218516142520317,0.9218516142520317,9925.208446878993,46516152.405397326,46516152.40539732,0.0,46516152.405397326
124,0.022704039429371617,implicit,0.8706849091554553,0.9538694259002856,0.9538694259002856,9282.658793703446,43504735.79333135,43504735.79333134,0.0,43504735.79333135
125,0.02428517825945581,implicit,0.9033142068273432,0.9912080883211535,0.9912080883211535,8728.439989337712,40907296.50449504,40907296.504495025,0.0,40907296.50449504
126,0.026275714112223295,implicit,0.9430768294085548,1.0367350401872941,1.0367350401872941,8122.519669995733,38067549.40287105,38067549.40287106,0.0,38067549.40287106
127,0.027856852942307483,implicit,0.9737115663638213,1.0730641229274935,1.0730641229274935,7635.929820884503,35787064.54441,35787064.54441,0.0,35787064.54441
128,0.02984738879507497,implicit,1.0111592876332138,1.1160406109835337,1.1160406109835337,7174.19534385593,33623068.55185819,33623068.55185819,0.0,33623068.55185819
129,0.03235332496321133,implicit,1.056701497688135,1.168956550304058,1.1685395770101477,6670.642317974641,31263082.92319781,31263082.923197806,0.0,31263082.92319781
130,0.034343860815978816,implicit,1.0917521428269399,1.2118632725225724,1.2113947021462088,6229.7621400954,29196824.097853113,29196824.097853113,0.0,29196824.097853113
131,0.036849796984115175,implicit,1.1345802179736162,1.2620567749220377,1.2615157895090476,5831.627372899645,27330898.801887292,27330898.801887292,0.0,27330898.801887292
132,0.038840332836882666,implicit,1.1676466279060536,1.3008822256899788,1.3002879676949497,5550.422544180299,26012985.254796404,26012985.254796404,0.0,26012985.254796404
133,0.041346269005019025,implicit,1.2081608225591103,1.3461680902349054,1.3454813660701703,5300.568950549213,24842004.52400536,24842004.52400536,0.0,24842004.52400536
134,0.04450105572741999,implicit,1.2575911303430343,1.404888423016028,1.4041115407302278,4933.653630700672,23122394.39900927,23122394.399009265,0.0,23122394.39900927
135,0.04700699189555635,implicit,1.2957272287265107,1.4545161024174345,1.4536436837586075,4592.78716179806,21524866.57858859,21524866.57858859,0.0,21524866.57858859
136,0.050161778617957314,implicit,1.3423857869170643,1.5097775372357034,1.5087871999579605,4327.357568712891,20280886.316518147,20280886.316518147,0.0,20280886.316518147
137,0.05413341979157872,implicit,1.3991701474669798,1.5750781851640157,1.5739380628361137,4069.9655794110968,19074575.631319836,19074575.63131983,0.0,19074575.631319836
138,0.057288206513979686,implicit,1.4428909135354102,1.6296765500870156,1.6284239175873525,3827.634615444246,17938850.964905046,17938850.964905042,0.0,17938850.964905046
139,0.06125984768760109,implicit,1.4963312992267233,1.6946142574603187,1.693190397597997,3585.724088817576,16805096.748531427,16805096.748531427,0.0,16805096.748531427
140,0.0662598476876011,implicit,1.5613140328165278,1.77389109448736,1.7722726820426462,3322.270492123818,15570377.324637564,15570377.324637562,0.0,15570377.324637564
141,0.0702314888612225,implicit,1.611286082832414,1.8383801451205075,1.8365645226675578,3108.440663699003,14568228.005450584,14568228.005450582,0.0,14568228.005450584
142,0.07523148886122251,implicit,1.6722700756031879,1.9095076482512692,1.9074658333748147,2944.3687042319625,13799277.276317945,13799277.276317945,0.0,13799277.276317945
143,0.08152611592019335,implicit,1.7463297875124355,1.9967475560485366,1.9944211453224114,2757.213840443355,12922144.648424394,12922144.648424394,0.0,12922144.648424394
144,0.08652611592019335,implicit,1.803259496987805,2.074787370647538,2.072202956045409,2551.553196581803,11958281.581481522,11958281.581481522,0.0,11958281.581481522
145,0.09282074297916419,implicit,1.8727106965809481,2.164209717370103,2.161320385713633,2369.8489267337545,11106694.075365106,11106694.075365106,0.0,11106694.075365106
146,0.10074520894146977,implicit,1.9569340354599556,2.2632011655830215,2.2599024960187526,2225.2209679288517,10428870.913276669,10428870.913276667,0.0,10428870.913276669
147,0.1070398360004406,implicit,2.021574177596734,2.344319703477841,2.3406668446437253,2100.20189767798,9842948.092965595,9842948.092965595,0.0,9842948.092965595
148,0.11496430196274618,implicit,2.1003927128135067,2.4442135344842977,2.4401235073647976,1960.603337009193,9188696.047943274,9188696.047943272,0.0,9188696.047943274
149,0.12494061353759059,implicit,2.1960037175055818,2.5656861191397318,2.5609857497559627,1809.8214228341594,8482031.342886232,8482031.342886232,0.0,8482031.342886232
150,0.13286507949989615,implicit,2.269374241060332,2.6710337158419946,2.6658387803265504,1671.275493695323,7832712.631902784,7832712.631902782,0.0,7832712.631902784
151,0.14284139107474056,implicit,2.358710115750374,2.7780142099700664,2.7721948714609583,1581.7722198153292,7413240.5421359455,7413240.5421359455,0.0,7413240.5421359455
152,0.15076585703704612,implicit,2.4274843372538926,2.8519055929953567,2.8456476666754953,1539.279776564826,7214092.58701772,7214092.58701772,0.0,7214092.58701772
153,0.16074216861189053,implicit,2.5116319054077256,2.951111406775012,2.9442027699918816,1469.5408029566158,6887249.202083515,6887249.202083515,0.0,6887249.202083515
154,0.17330160076943843,implicit,2.6142057870294075,3.1105189528086803,3.102657833210332,1313.3491295098504,6155230.753766852,6155230.753766852,0.0,6155230.753766852
155,0.18327791234428284,implicit,2.6931913489218404,3.2538575639583316,3.2451863678531057,1180.7792096911526,5533919.611772956,5533919.611772955,0.0,5533919.611772956
156,0.18527791234428284,transition,2.7087669157457546,3.422364608350548,3.413226920936977,983.2878340742802,4608343.189261172,4608343.189261171,563101.5674622286,5171444.7567234
157,0.18779576316787117,transition,2.7282412588510354,3.674342811205386,3.6648387511266574,785.4369107492182,3681081.686170911,3681081.68617091,555462.7949683642,4236544.481139275
158,0.1909655495527934,transition,2.7524989331936065,4.056277110225173,4.046697878742517,598.5189001117282,2805059.1102560204,2805059.1102560204,546177.0567239996,3351236.16698002
159,0.19348340037638173,transition,2.771533280842719,4.410127413615577,4.400797426714178,487.4676139360705,2284598.6503866212,2284598.6503866212,539063.8906638501,2823662.5410504714
160,0.19665318676130397,transition,2.7951695702233135,4.910981695690257,4.902298278697645,382.607524854958,1793154.273067335,1793154.2730673347,530436.5046816018,2323590.777748937
161,0.1991710375848923,transition,2.8136757639958865,5.3442097624492195,5.336258941139567,320.3476434969751,1501362.9071237235,1501362.9071237235,523836.0342481048,2025198.9413718286
162,0.20234082396981454,transition,2.83662566697633,5.917159741933827,5.910243490127004,261.5521400758539,1225807.9288553386,1225807.9288553384,515833.3106559923,1741641.2395113308
163,0.20485867479340286,transition,2.854579250913966,6.3792925837077235,6.37323350479255,226.57958989573547,1061903.2126077577,1061903.2126077574,509709.80286671343,1571613.015474471
164,0.2080284611783251,transition,2.8768353833137645,6.9505595151935395,6.945590581910718,193.40047515370665,906403.7320400027,906403.7320400027,502280.6939136268,1408684.4259536294
165,0.21054631200191343,transition,2.8942441005300745,7.3844150599384575,7.380244100530685,173.50443255193102,813157.5947037641,813157.5947037641,496591.06110089715,1309748.6558046613
166,0.21371609838683567,transition,2.915827482383169,7.891985497427168,7.888827482383943,154.4054541877537,723647.0324691924,723647.0324691923,489680.70544577186,1213327.7379149643
167,0.216233949210424,transition,2.932714287967965,8.256714287968855,8.256714287968855,142.77483576968453,669138.1904837076,669138.1904837075,484382.1521894514,1153520.342673159
168,0.21940373559534623,transition,2.953658111013739,8.675439319122766,8.673658111014761,131.40564298384157,615854.5635268437,615854.5635268436,477938.98490367306,1093793.5484305169
169,0.22192158641893456,transition,2.970051412363672,8.968051412364787,8.968051412364787,124.33656962097402,582724.1667526095,582724.1667526095,472992.48796504684,1055716.6547176563
170,0.2250913728038568,transition,2.9903931953184055,9.295393195319349,9.295393195319349,117.27044338375504,549607.5821765333,549607.5821765333,466969.66336286766,1016577.2455394008
171,0.22760922362744512,transition,3.0063232142729457,9.524323214273329,9.524323214273329,112.76973068927916,528514.2380165948,528514.2380165948,462339.98538946116,990854.223406056
172,0.23077901001236736,transition,3.0261006075382575,9.779100607538508,9.779100607538508,108.15764411992838,506898.9215307966,506898.9215307966,456695.73937069974,963594.6609014963
173,0.2332968608359557,transition,3.0415972131511553,9.95159721315132,9.95159721315132,105.14216326529845,492766.36524643656,492766.36524643656,452351.5400959412,945117.9053423777
174,0.23646664722087793,transition,3.060846444383434,10.112846444383518,10.112846444383518,101.9691955257937,477895.7202883829,477895.7202883829,447048.9485562013,924944.6688445843
175,0.23898449804446625,transition,3.0759363720624724,10.2319363720625,10.2319363720625,99.83731119255968,467904.287152631,467904.287152631,442963.05353819794,910867.3406908289
176,0.2421542844293885,transition,3.0946896633694654,10.372689663369425,10.372689663369425,97.53256513223296,457102.70856899844,457102.7085689983,437970.10013758775,895072.8087065861
177,0.2437300862982201,transition,3.10391418283729,10.410914182837233,10.410914182837233,96.51497561459499,452333.6047922947,452333.6047922947,435547.9892859197,887881.5940782144
178,0.2457300862982201,momentum,3.1155289430460216,10.625528943045854,10.625528943045854,92.28934997769292,432529.50221991,432529.50221991,432529.50221991,865059.00443982
179,0.24824793712180843,momentum,3.130006980551282,10.707006980551077,10.707006980551077,91.49675982386474,428814.89566148724,428814.8956614872,428814.8956614872,857629.7913229744
180,0.25141772350673064,momentum,3.148011719393883,10.80901171939363,10.80901171939363,90.52665778987962,424268.34993369173,424268.3499336917,424268.3499336917,848536.6998673833
181,0.2554082481366684,momentum,3.1703385534816433,10.934338553481334,10.934338553481334,89.34706829844,418740.00613584794,418740.00613584794,418740.00613584794,837480.0122716959
182,0.26043202099968754,momentum,3.197930657161411,11.09193065716103,11.09193065716103,87.92404453234882,412070.7668212001,412070.7668212001,412070.7668212001,824141.5336424002
183,0.2667565763200243,momentum,3.231892037986498,11.284892037986028,11.284892037986028,86.2234088948626,404100.45295598,404100.45295598,404100.45295598,808200.90591196
184,0.27471871973109424,momentum,3.273495707463914,11.524495707463336,11.524495707463336,84.21331468355763,394679.80963320215,394679.8096332021,394679.8096332021,789359.6192664043
185,0.2847424644036397,momentum,3.324184898276549,11.818184898275835,11.818184898275835,81.86759677482749,383686.2096169857,383686.20961698564,383686.20961698564,767372.4192339714
186,0.29736161129324357,momentum,3.3855659325003047,12.177565932499427,12.177565932499427,79.16965456751532,371041.8514084939,371041.85140849376,371041.85140849376,742083.7028169878
187,0.3132481759877292,momentum,3.4593923477579245,12.554392347756878,12.554392347756878,76.11634968680875,356732.0264883178,356732.02648831776,356732.02648831776,713464.0529766356
188,0.3332481759877292,momentum,3.547562113463521,13.001562113462274,13.001562113462274,72.72094916220212,340818.9130131411,340818.9130131411,340818.9130131411,681637.8260262822
189,0.35842668422361257,momentum,3.6520825023501113,13.534406366102637,13.53308250234863,69.017561280333,323462.3651833073,323462.3651833073,323462.3651833073,646924.7303666146
190,0.39012454807283486,momentum,3.775021931347349,14.161021931345587,14.161021931345587,65.06343243815598,304930.6778300688,304930.67783006874,304930.67783006874,609861.3556601376
191,0.4300297943722125,momentum,3.9184901085699244,14.897490108567828,14.894490108567835,60.93930359119088,285602.2569700265,285602.2569700264,285602.2569700264,571204.513940053
192,0.4800297943722125,momentum,4.083878128186358,15.741878128183439,15.737878128183448,56.7541921395388,265988.0309151734,265988.03091517335,265988.03091517335,531976.0618303468
193,0.5300297943722125,momentum,4.236365433230102,16.513565433227342,16.508365433227354,53.35170768997564,250041.71743874028,250041.71743874022,250041.71743874022,500083.4348774805
194,0.5800297943722126,momentum,4.378284934799907,17.22488493479784,17.218284934797854,50.525159378473255,236794.62517435488,236794.62517435482,236794.62517435482,473589.2503487097
195,0.6300297943722126,momentum,4.5112732815700936,17.884073281568664,17.876273281568682,48.14956568932724,225661.00730738058,225661.00730738058,225661.00730738058,451322.01461476117
196,0.6800297943722127,momentum,4.636525806064884,18.503525806064054,18.494525806064075,46.11827660148952,216141.03064442275,216141.0306444227,216141.0306444227,432282.06128884543
197,0.7300297943722127,momentum,4.754944166171853,19.094344166171595,19.08394416617162,44.32763101339743,207748.87006406375,207748.87006406375,207748.87006406375,415497.7401281275
198,0.7800297943722128,momentum,4.867227518272676,19.656827518272962,19.64522751827299,42.73834688945375,200300.4237245726,200300.4237245726,200300.4237245726,400600.8474491452
199,0.8300297943722128,momentum,4.973929850393304,20.17372985039409,20.16092985039412,41.3718496013339,193896.105220236,193896.105220236,193896.105220236,387792.210440472
200,0.8800297943722128,momentum,5.075499673614983,20.6446996736171,20.630499673617134,40.20062352601049,188406.95797335365,188406.95797335365,188406.95797335365,376813.9159467073
201,0.9300297943722129,momentum,5.172307069743844,21.089907069746385,21.07430706974642,39.14061468610859,183439.04893528705,183439.04893528705,183439.04893528705,366878.0978705741
202,0.9800297943722129,momentum,5.264659092354417,21.517459092357363,21.500659092357402,38.16616212209696,178872.11371956888,178872.11371956882,178872.11371956882,357744.22743913764
203,1.030029794372213,momentum,5.352811715178433,21.915011715181752,21.896811715181794,37.316601182463614,174890.5040277257,174890.5040277257,174890.5040277257,349781.0080554514
204,1.080029794372213,momentum,5.436983011108054,22.27838301111171,22.258983011111756,36.592410320965094,171496.46221345488,171496.46221345486,171496.46221345486,342992.9244269097
205,1.130029794372213,momentum,5.517361530138219,22.62216153014219,22.60136153014224,35.946900157139325,168471.17067217804,168471.17067217804,168471.17067217804,336942.3413443561
206,1.1800297943722131,momentum,5.594109968072224,22.947109968076497,22.925109968076548,35.36656172405721,165751.31736688592,165751.31736688592,165751.31736688592,331502.63473377185
207,1.2300297943722132,momentum,5.667369335787567,23.2385693357921,23.215369335792154,34.8773892409562,163458.7285614983,163458.7285614983,163458.7285614983,326917.4571229966
208,1.2800297943722132,momentum,5.737265147843006,23.498665147847767,23.474265147847824,34.47204812139309,161559.02948770192,161559.0294877019,161559.0294877019,323118.05897540384
209,1.3300297943722132,momentum,5.803911667237412,23.748511667242393,23.722911667242453,34.10244565896973,159826.82561878455,159826.82561878455,159826.82561878455,319653.6512375691
210,1.3800297943722133,momentum,5.867410086663751,23.992210086668948,23.96541008666901,33.75253993628117,158186.93382092312,158186.93382092312,158186.93382092312,316373.86764184624
211,1.4300297943722133,momentum,5.927847372655921,24.2058473726613,24.177847372661365,33.445792615827635,156749.31110654573,156749.31110654573,156749.31110654573,313498.62221309147
212,1.4800297943722134,momentum,5.985299985436928,24.385499985442454,24.356299985442522,33.18860377445973,155543.95250817804,155543.95250817802,155543.95250817802,311087.90501635603
213,1.5300297943722134,momentum,6.039837756962218,24.554237756968767,24.523837756968838,32.96481985361954,154495.15166702765,154495.15166702762,154495.15166702762,308990.30333405524
214,1.5800297943722135,momentum,6.091524577317361,24.71592457732404,24.68452457732411,32.77757577754526,153617.60093080933,153617.6009308093,153617.6009308093,307235.2018616186
215,1.6300297943722135,momentum,6.140418593487864,24.84681859349464,24.814418593494715,32.653885912716284,153037.9076544231,153037.9076544231,153037.9076544231,306075.8153088462
216,1.6800297943722136,momentum,6.186574407006813,24.94717440701365,24.91357440701373,32.58566340998438,152718.1714643431,152718.17146434306,152718.17146434306,305436.3429286862
217,1.7300297943722136,momentum,6.230044285240262,25.046644285247165,25.012044285247246,32.521747935972975,152418.62088602627,152418.62088602627,152418.62088602627,304837.24177205254
218,1.7800297943722136,momentum,6.27087543085171,25.150275430858684,25.114875430858767,32.46175226392973,152137.44111641595,152137.44111641595,152137.44111641595,304274.8822328319
219,1.8300297943722137,momentum,6.309108993792006,25.22130899379902,25.185108993799105,32.46789351242421,152166.22310648274,152166.22310648274,152166.22310648274,304332.4462129655
220,1.8800297943722137,momentum,6.344784417073127,25.271784417080156,25.234784417080242,32.50478675946422,152339.1294903867,152339.12949038667,152339.12949038667,304678.25898077333
221,1.9300297943722138,momentum,6.3779399041144025,25.37173990412151,25.3339399041216,32.41382576056044,151912.82552804667,151912.82552804667,151912.82552804667,303825.65105609334
222,1.9800297943722138,momentum,6.408604029057816,25.56260402906512,25.52460402906521,32.12042732730954,150537.76461021826,150537.76461021823,150537.76461021823,301075.5292204365
223,2.0300297943722136,momentum,6.4367884063751335,25.842788406382745,25.804788406382833,31.664320536296593,148400.14371112606,148400.14371112603,148400.14371112603,296800.2874222521
224,2.0800297943722135,momentum,6.462489078425838,26.167089078433815,26.129489078433902,31.14181875629881,145951.35157133872,145951.3515713387,145951.3515713387,291902.7031426774
225,2.1300297943722133,momentum,6.485693684715371,26.43709368472365,26.399693684723736,30.709045899265526,143923.08906356138,143923.08906356138,143923.08906356138,287846.17812712275
226,2.180029794372213,momentum,6.506391504007126,26.62779150401561,26.5903915040157,30.414499387868503,142542.64748513483,142542.64748513483,142542.64748513483,285085.29497026966
227,2.230029794372213,momentum,6.524579201233187,26.82177920124189,26.784579201241975,30.168785104501506,141391.06632545893,141391.0663254589,141391.0663254589,282782.1326509178
228,2.2800297943722128,momentum,6.540257668757051,27.025857668765987,26.989257668766072,29.94404606370024,140337.78915457576,140337.78915457573,140337.78915457573,280675.57830915146
229,2.3300297943722126,momentum,6.553428272883731,27.131028272892777,27.094428272892863,29.80003343444141,139662.84983750657,139662.84983750654,139662.84983750654,279325.6996750131
230,2.3800297943722124,momentum,6.564093438280148,27.109493438289153,27.07209343828924,29.743622464155766,139398.47037331824,139398.4703733182,139398.4703733182,278796.9407466364
231,2.4197462061084263,momentum,6.570781961360915,27.056781961369843,27.018781961369932,29.71652153985895,139271.45735070365,139271.45735070363,139271.45735070363,278542.91470140725
232,2.451294073332436,momentum,6.574969785519752,27.014569785528625,26.975969785528715,29.692567487393774,139159.19267020244,139159.19267020244,139159.19267020244,278318.3853404049
233,2.4763534350137997,momentum,6.577586360790835,26.976586360799654,26.937586360799745,29.681722719816626,139108.36684985622,139108.36684985622,139108.36684985622,278216.73369971244
234,2.4962587935414744,momentum,6.57921689226214,26.940416892270914,26.901216892271005,29.684374487628094,139120.79480402183,139120.79480402183,139120.79480402183,278241.58960804367
235,2.5120701818423163,momentum,6.580229558138452,26.906829558147184,26.867229558147276,29.696643000934213,139178.29324728268,139178.29324728268,139178.29324728268,278356.58649456536
236,2.5246296139998643,momentum,6.580855798855031,26.875655798863722,26.835855798863815,29.71388259512463,139259.08949403767,139259.08949403765,139259.08949403765,278518.1789880753
237,2.534605925574709,momentum,6.581240922708084,26.849240922716742,26.809240922716835,29.732017059108063,139344.0796980176,139344.0796980176,139344.0796980176,278688.1593960352
238,2.5425303915370145,momentum,6.58147602195379,26.826476021962417,26.78647602196251,29.748985803425484,139423.6065614605,139423.6065614605,139423.6065614605,278847.213122921
239,2.5488250185959855,momentum,6.581618114339966,26.80781811434857,26.767618114348664,29.76396341062075,139493.8016271553,139493.8016271553,139493.8016271553,278987.6032543106
240,2.5538250185959854,momentum,6.581702823308087,26.791902823316672,26.751702823316766,29.776746727108023,139553.71278178252,139553.71278178252,139553.71278178252,279107.42556356505
241,2.5577966597696067,momentum,6.581752351850372,26.78015235185894,26.739752351859035,29.787430202497138,139603.7826792642,139603.78267926417,139603.78267926417,279207.56535852834
242,2.5609514464920076,momentum,6.581780493821108,26.770180493829667,26.72978049382976,29.796235437419483,139645.04988808962,139645.0498880896,139645.0498880896,279290.09977617924
243,2.563457382660144,momentum,6.58179578381391,26.76219578382246,26.721795783822554,29.80342350689562,139678.73798008708,139678.73798008708,139678.73798008708,279357.47596017417
244,2.5654479185129118,momentum,6.581803473043313,26.755203473051854,26.714803473051948,29.809251741470984,139706.05297797485,139706.05297797482,139706.05297797482,279412.10595594964
245,2.567029057342996,momentum,6.58180676975981,26.750206769768344,26.709806769768438,29.813954194676313,139728.09181284154,139728.09181284154,139728.09181284154,279456.1836256831
246,2.5682850005587508,momentum,6.58180761504098,26.74620761504951,26.705807615049604,29.817734556215303,139745.80911061278,139745.80911061278,139745.80911061278,279491.61822122557
247,2.5692850005587506,momentum,6.58180716542892,26.74240716543744,26.701807165437536,29.82077259595978,139760.04739291428,139760.04739291428,139760.04739291428,279520.09478582855
248,2.5702850005587505,momentum,6.581805720720977,26.739405720729497,26.69880572072959,29.823835157126293,139774.40059896882,139774.40059896882,139774.40059896882,279548.80119793763
249,2.5712850005587504,momentum,6.581803281095145,26.736403281103662,26.695803281103757,29.826921911059255,139788.86718847696,139788.86718847693,139788.86718847693,279577.73437695386
250,2.5722850005587503,momentum,6.581799846639802,26.732399846648313,26.691799846648408,29.830032529953794,139803.44562512622,139803.4456251262,139803.4456251262,279606.8912502524
251,2.57328500055875,momentum,6.581795417440712,26.72939541744922,26.688795417449313,29.833166686066352,139818.1343728915,139818.13437289148,139818.13437289148,279636.26874578296
252,2.5745439259705445,momentum,6.581788427167162,26.725388427175663,26.684788427175757,29.837145315897505,139836.78088823485,139836.78088823482,139836.78088823482,279673.56177646964
253,2.5761288191630056,momentum,6.581777385736629,26.719377385745123,26.678777385745217,29.84220540794716,139860.49585746968,139860.49585746968,139860.49585746968,279720.99171493936
254,2.5781240814779744,momentum,6.581759933791961,26.71235993380045,26.671759933800544,29.84865509463658,139890.7233948174,139890.7233948174,139890.7233948174,279781.4467896348
255,2.580635967909484,momentum,6.581732335083075,26.70433233509155,26.663732335091645,29.856896858133968,139929.34980039726,139929.34980039723,139929.34980039723,279858.6996007945
256,2.5837982455696524,momentum,6.5816886724023895,26.693488672410854,26.65268867241095,29.86745861186477,139978.84922893217,139978.84922893214,139978.84922893214,279957.69845786435
257,2.5877793172751873,momentum,6.581619575430881,26.679419575439326,26.63861957543942,29.881034849935705,140042.47654341927,140042.47654341924,140042.47654341924,280084.9530868385
258,2.59279118961146,momentum,6.581510203599017,26.661510203607442,26.620510203607537,29.898539842737605,140124.51662523585,140124.51662523582,140124.51662523582,280249.03325047164
259,2.5991007630562617,momentum,6.581337053940121,26.63833705394852,26.597337053948614,29.92117308008827,140230.59108439364,140230.59108439364,140230.59108439364,280461.1821687873
260,2.6070440454035047,momentum,6.581062904063784,26.609262904072143,26.56806290407224,29.950491937221752,140367.99882087315,140367.99882087315,140367.99882087315,280735.9976417463
261,2.6170440454035044,momentum,6.580628809189873,26.572028809198187,26.530628809198284,29.988515443398104,140546.20235360027,140546.20235360027,140546.20235360027,281092.40470720053
262,2.629633299521446,momentum,6.579941440109264,26.52354144011752,26.481941440117616,30.0384311535295,140780.1406927619,140780.1406927619,140780.1406927619,281560.2813855238
263,2.6454822314460573,momentum,6.578853024043185,26.460853024051364,26.41885302405146,30.105670247160578,141095.26797131565,141095.26797131565,141095.26797131565,282190.5359426313
264,2.665434854595746,momentum,6.577129642768188,26.375529642776264,26.333129642776363,30.199613040130437,141535.54661116115,141535.54661116115,141535.54661116115,283071.0932223223
265,2.690553718910842,momentum,6.574401091987463,26.257201091995395,26.214401091995494,30.33726055672071,142180.65476120217,142180.65476120214,142180.65476120214,284361.3095224043
266,2.722176495512526,momentum,6.57008166942618,26.085681669433903,26.042081669434005,30.55076057527498,143181.2583711695,143181.25837116948,143181.25837116948,286362.51674233895
267,2.7619872125678757,momentum,6.563245976988811,25.820045976996216,25.77524597699632,30.913793150788575,144882.67136426634,144882.6713642663,144882.6713642663,289765.3427285326
268,2.8119872125678755,momentum,6.552464993923848,25.370064993930708,25.323464993930816,31.60330485799202,148114.18351126477,148114.18351126477,148114.18351126477,296228.36702252954
269,2.8619872125678754,momentum,6.539263781611274,24.85986378161752,24.811263781617633,32.44682168280891,152067.46644629852,152067.46644629847,152067.46644629847,304134.93289259693
270,2.911987212567875,momentum,6.523674852334948,24.715274852341032,24.665674852341148,32.56655117538733,152628.59877455203,152628.598774552,152628.598774552,305257.19754910405
271,2.961987212567875,momentum,6.505690787507436,24.951490787513833,24.902690787513947,31.947765212493582,149728.55467871873,149728.55467871873,149728.55467871873,299457.10935743747
272,3.0,momentum,6.490380065647676,24.337180065653335,24.286380065653454,33.245668542119816,155811.39610330877,155811.39610330874,155811.39610330874,311622.79220661754
