t_now,cool_beta,cool_delta,beta_plus_delta,Pb,bubble_dMdt,Lmech_total,Lmech_W,Lmech_SN,bubble_Lgain,bubble_Lloss,cooling_ratio,v_struct_min,v_struct_nneg,v_struct_npts,v_neg_frac_thick,R2,v2,Eb,bubble_Tavg,c_sound,no_physical_root,betadelta_converged
0.0029103388192113612,0.6287270584667015,-0.4519438694231496,0.1767831890435519,5386521.674524627,877.5875085787751,608465223.8605769,608465223.8605769,1.0546954254986034e-14,608465223.8605769,162139967.31286487,0.733526320067854,0.0012604131478157225,0,59993,0.0,0.2857315186392077,44.73918435435484,778236.3440311294,21411321.731216002,721.1980789535145,False,True
0.0034103388192113612,0.7592602654433775,-0.035387269722328314,0.7238729957210492,5386521.674524627,535.642130286534,608466368.7645214,608466368.7645214,1.1433683880723976e-14,608466368.7645214,189612611.61198366,0.6883761842137829,0.0033104893242066604,0,59993,0.0,0.30756139321369197,42.74663865805134,877777.8258836344,20078585.87882426,711.2475077863226,False,True
0.003807502936573502,0.7592602654433775,-0.035387269722328314,0.7238729957210492,4866792.622837966,546.0811894633374,608467040.9074519,608467040.9074519,1.1951168639537707e-14,608467040.9074519,193541065.53424373,0.6819202150282427,0.0029720169995597215,0,59993,0.0,0.3242201235330453,41.2331511514851,945914.1351472075,19827235.255457856,688.7562934630637,False,True
0.004122981608813598,0.75786544170421,-0.12259801755710173,0.6352674241471082,4475056.156905281,610.5793811937788,608467426.4285817,608467426.4285817,1.2245615959137556e-14,608467426.4285817,193588222.6562505,0.6818429150882858,0.0012355398493967917,0,59993,0.0,0.3370359814557028,40.066103934778,1000582.7363458102,19774571.75480135,684.4316728334728,False,True
0.004373575225627234,0.75786544170421,-0.12259801755710173,0.6352674241471082,4212569.463425322,612.9698762033521,608467639.7067912,608467639.7067912,1.2406582929611266e-14,608467639.7067912,196378020.5401879,0.6772580697392244,0.00351364724812253,0,59993,0.0,0.3469614187291681,39.1792566224812,1044173.8945537875,19629318.872543696,683.5221023892384,False,True
0.004689053897867331,0.75786544170421,-0.12259801755710173,0.6352674241471082,4028489.528134033,615.8244875376539,608467791.9602807,608467791.9602807,1.2518177878703848e-14,608467791.9602807,199808417.777521,0.6716203874426865,0.0012994053722906937,0,59993,0.0,0.35915354025644647,38.1546507558358,1099010.0568760808,19461102.91823026,681.007090947198,False,True
0.005086218015229472,0.75786544170421,-0.12259801755710173,0.6352674241471082,3821578.3691854523,619.1595334131406,608467800.7323569,608467800.7323569,1.251566366443684e-14,608467800.7323569,203991471.3889814,0.6647456592716072,0.0008856433279033415,0,59993,0.0,0.3740644018998214,36.987084748578155,1167979.4266052486,19269000.221659254,678.0828238894832,False,True
0.005401696687469568,0.75786544170421,-0.12259801755710173,0.6352674241471082,3593540.151881469,620.8485656920324,608467663.5480218,608467663.5480218,1.2401177800692089e-14,608467663.5480218,207257339.82574618,0.6593782180351003,0.002253653923347776,0,59993,0.0,0.38559013278820287,36.11217002296813,1222696.8603264203,19125966.669891525,674.7278086971528,False,True
0.005798860804831709,0.7927532595287667,-0.07195260479672591,0.7208006547320408,3433617.8733283356,568.6588174707781,608467310.9064041,608467310.9064041,1.2116933027538418e-14,608467310.9064041,214447780.99116278,0.647560719947781,0.0021234529780829363,0,59993,0.0,0.3997253971543487,35.110860204921146,1291399.4325708796,18818534.872817833,672.2188960030306,False,True
0.00629886080483171,0.7927532595287667,-0.07195260479672591,0.7208006547320408,3254243.136702018,570.6970210094086,608466584.4435009,608466584.4435009,1.1539618264754313e-14,608466584.4435009,218442526.2362038,0.6409950327247802,0.002482002107471782,0,59993,0.0,0.4169847223026563,33.982087010952625,1373700.9133490874,18619797.875375908,666.7943681618157,False,True
0.006696024922193851,0.7927532595287667,-0.07195260479672591,0.7208006547320408,3048371.448479946,571.2817748667434,608465785.2464359,608465785.2464359,1.0908909594193949e-14,608465785.2464359,221549630.2502983,0.6358881047673568,0.002112651521557274,0,59993,0.0,0.430307244384869,33.13737263024538,1438754.2169102249,18471740.734382007,663.264113582439,False,True
0.007196024922193851,0.7927532595287667,-0.07195260479672591,0.7208006547320408,2904585.600246906,572.1219996154449,608464502.5233532,608464502.5233532,9.901185585764398e-15,608464502.5233532,225290122.5223663,0.6297399082640495,0.001020304336995973,0,59993,0.0,0.4466242942961215,32.17291207616421,1520191.282508925,18301288.05018824,660.6218458538732,False,True
0.007825487628090934,0.7927532595287667,-0.07195260479672591,0.7208006547320408,2744000.4568097647,573.2677110085343,608462454.6210481,608462454.6210481,8.299011206910388e-15,608462454.6210481,229802943.85209987,0.6223218998858003,0.0034785377664083173,0,59993,0.0,0.4665171626350611,31.08834464248596,1622073.457481482,18107661.092912488,657.5667535840153,False,True
0.008325487628090935,0.7927532595287667,-0.07195260479672591,0.7208006547320408,2568270.640373862,573.2683148055404,608460488.4427887,608460488.4427887,6.7658228718828345e-15,608460488.4427887,233316927.83566076,0.6165454745750534,0.003159174869616127,0,59993,0.0,0.4818522136360167,30.28261903536754,1702444.6320237303,17963642.66455151,654.0789878607698,False,True
0.008954950333988018,0.7774076280724727,-0.1751179786963053,0.6022896493761674,2445694.620826824,646.313306045066,608457591.9329895,608457591.9329895,4.513626714336517e-15,608457591.9329895,233314248.85691866,0.6165480520742455,0.0019610300230961516,0,59993,0.0,0.5006134548679619,29.368836066118785,1802929.2117451162,17936027.17022069,651.472702084195,False,True
0.009747396930218574,0.7774076280724727,-0.1751179786963053,0.6022896493761674,2308993.4145923504,647.150900719567,608453288.4440582,608453288.4440582,1.1782390677176633e-15,608453288.4440582,238895718.05551794,0.6073721309544994,0.0013275450520133635,0,59993,0.0,0.5234609400970504,28.347971470377225,1930973.6708285676,17750302.084069483,650.9717552368605,False,True
0.010376859636115657,0.8310003966427024,-0.08275289662325641,0.748247500019446,2162372.0538113923,562.417315695684,608449357.190758,608449357.190758,-1.8595860498324734e-15,608449357.190758,248385036.60485417,0.5917736888544666,0.0025872865821002823,0,59993,0.0,0.5410968876391613,27.710626047258312,2031984.9216440895,17441247.98545807,647.5926235178814,False,True
0.011169306232346214,0.8310003966427024,-0.08275289662325641,0.748247500019446,2059671.0706503824,565.5545041465988,608443774.6041714,608443774.6041714,-6.161079205151497e-15,608443774.6041714,252383166.17663223,0.5851988684725677,0.0011855306258217832,0,59993,0.0,0.5627492997148118,26.96894255981592,2150908.7031968194,17280400.278424785,641.9301847675102,False,True
0.011798768938243297,0.8310003966427024,-0.08275289662325641,0.748247500019446,1937666.6637960623,566.8135432888647,608438846.0476072,608438846.0476072,-9.948085129264249e-15,608438846.0476072,255714332.34438068,0.5797205684589501,0.0005326432234327224,0,59993,0.0,0.5795390802148076,26.39649058655575,2245211.246320317,17157682.451115377,638.963305363769,False,True
0.012591215534473853,0.8310003966427024,-0.08275289662325641,0.748247500019446,1851551.423043375,568.1728259399639,608432031.4978311,608432031.4978311,-1.5169798286703325e-14,608432031.4978311,259982619.79399914,0.5727006364967722,0.0016160425759749724,0,59993,0.0,0.6001811067354363,25.72688225188796,2363487.3117022887,17012613.455169786,636.6904443170546,False,True
0.013588846691958293,0.8542826045252141,-0.17261075912038604,0.6816718454048281,1754462.373395328,610.112520455117,608422507.1035482,608422507.1035482,-2.2442708515348603e-14,608422507.1035482,263091410.89327174,0.5675843549152334,0.002407805477757853,0,59993,0.0,0.6254444473896342,24.95555547194236,2511668.2417485765,16886603.861120485,633.993107160346,False,True
0.01438129328818885,0.8542826045252141,-0.17261075912038604,0.6816718454048281,1647137.8171043042,609.617838325587,608414208.6249425,608414208.6249425,-2.875766498925881e-14,608414208.6249425,267087384.54457644,0.5610106063298357,0.002161584672179573,0,59993,0.0,0.6449809135510804,24.371548894090623,2625201.432460915,16750042.838183524,631.6408026128692,False,True
0.015378924445673289,0.8542826045252141,-0.17261075912038604,0.6816718454048281,1569590.2425905725,608.9818468328225,608402863.0977587,608402863.0977587,-3.7361110199242403e-14,608402863.0977587,271913033.97372854,0.5530707521834306,0.001539604287006301,0,59993,0.0,0.6689435681392882,23.69545125565317,2767019.8085821173,16590631.133570299,629.0815961112206,False,True
0.01663486766142808,0.905351445425196,-0.0754028835379552,0.8299485618872408,1482608.0258550153,519.9173011283472,608387198.3896765,608387198.3896765,-4.918660161258601e-14,608387198.3896765,283477893.3829898,0.5340502000480619,0.0010711914450161628,0,59993,0.0,0.6981961242238881,22.924395086582983,2943894.5956377164,16255142.853806049,626.0809258051977,False,True
0.01763249881891252,0.905351445425196,-0.0754028835379552,0.8299485618872408,1387004.6602147615,517.5254646820267,608373693.9163529,608373693.9163529,-5.93349101749748e-14,608373693.9163529,286881082.8897856,0.5284459440660336,0.001415032318130334,0,59993,0.0,0.7207668450343714,22.345198443226376,3073717.3353460096,16106746.059155537,619.718433243776,False,True
0.018888442034667313,0.905351445425196,-0.0754028835379552,0.8299485618872408,1316172.4115362887,514.5475522126281,608355405.0789572,608355405.0789572,-7.301393257444074e-14,608355405.0789572,290923869.2684295,0.5217863327265563,0.0012165878786033926,0,59993,0.0,0.7483931963601825,21.676298637361263,3235001.7730638403,15934594.372626659,616.8831741529962,False,True
0.0204695808647515,0.8479477057611963,-0.17017038766416775,0.6777773180970286,1237240.727762861,599.6991760996837,608330424.2524905,608330424.2524905,-9.158394536464968e-14,608330424.2524905,289547098.4300914,0.5240298908510395,0.001540283329812716,0,59993,0.0,0.782035106241494,20.915513814579064,3434838.997204002,15883395.096683454,613.5776408891288,False,True
0.021725524080506292,0.8479477057611963,-0.17017038766416775,0.6777773180970286,1151125.843443009,596.6966810591451,608309098.6471697,608309098.6471697,-1.073366798866509e-13,608309098.6471697,294135525.9375489,0.5164702836244229,0.0026936642252653907,0,59993,0.0,0.8079320869543622,20.344722384828234,3602819.3626353894,15750560.742937993,612.5911078961979,False,True
0.023306662910590484,0.8479477057611963,-0.17017038766416775,0.6777773180970286,1094824.2076696262,593.411452399313,608280481.9575781,608280481.9575781,-1.2833510079745912e-13,608280481.9575781,299482669.4668011,0.5076569471652269,0.0008778436988406798,0,59993,0.0,0.8395661989350932,19.69772341193064,3811494.1293709236,15597911.245362472,610.0241506607166,False,True
0.024562606126345275,0.8975287130390773,-0.05786468383803348,0.8396640292010439,1031995.4888903833,496.4412647386608,608256416.9827079,608256416.9827079,-1.458720294681764e-13,608256416.9827079,309983450.9480916,0.4903737267815719,0.0012118002745561194,0,59993,0.0,0.8639934011095117,19.216583170360163,3974779.781145837,15346946.773475185,607.0608719622451,False,True
0.026143744956429467,0.8975287130390773,-0.05786468383803348,0.8396640292010439,987351.7045061847,492.286572411425,608224538.832364,608224538.832364,-1.689343769651717e-13,608224538.832364,313528296.3994414,0.48451883082301184,-0.0002707376767564451,454,59993,9.363075977507661e-06,0.8939244875157782,18.664842841926255,4164974.7646093946,15203213.483406888,602.1573786309655,False,True
0.028134280809196954,0.8975287130390773,-0.05786468383803348,0.8396640292010439,933998.6093392089,487.40632297769054,608182067.3789514,608182067.3789514,-1.9936491001519806e-13,608182067.3789514,317638218.59144425,0.47772511616405905,0.000556556738498217,0,59993,0.0,0.9304235507384407,18.036059017977042,4400267.736220039,15037623.232927572,599.3309641913386,False,True
0.029715419639281142,0.819708344861646,-0.1638225739272405,0.6558857709344055,875006.7404361845,587.3426400859624,608146615.6590033,608146615.6590033,-2.245073274553873e-13,608146615.6590033,313202309.9612495,0.48498881372240243,0.001762747631477566,0,59993,0.0,0.9585560639330255,17.564921155195652,4583375.25132241,15066960.373263834,596.0581337172698,False,True
0.03170595549204863,0.819708344861646,-0.1638225739272405,0.6558857709344055,833417.3614631923,583.4370257579828,608100018.8634771,608100018.8634771,-2.571928952801528e-13,608100018.8634771,318689642.2487353,0.47592561690039437,0.0026323537965985706,0,59993,0.0,0.9929594424875061,17.02344100051363,4834020.048401613,14941865.444404794,596.6392800997083,False,True
0.03421189166018499,0.8926496740430558,-0.07371533631813063,0.8189343377249252,790627.6008353286,490.1464431136623,608038577.2852565,608038577.2852565,-2.996521254401031e-13,608038577.2852565,331640879.4289447,0.45457263433902484,0.0006809041628448691,0,59993,0.0,1.0348627857447186,16.470188186863215,5144810.551838059,14675575.060639296,594.1572892983053,False,True
0.03620242751295248,0.8926496740430558,-0.07371533631813063,0.8189343377249252,743186.7593238034,492.1831933895897,607987849.2019597,607987849.2019597,-3.341425498299463e-13,607987849.2019597,334378964.6185641,0.45002360646274847,0.000921674241044589,0,59993,0.0,1.0672992417594476,16.144786220199162,5367089.688915246,14568594.886557292,588.8390223730338,False,True
0.03870836368108884,0.8926496740430558,-0.07371533631813063,0.8189343377249252,706665.621593426,498.89831305586875,607921951.9019274,607921951.9019274,-3.781484462223975e-13,607921951.9019274,337511425.3747471,0.44481125526259013,0.002505095257499761,0,59993,0.0,1.1073409943981007,15.842098556144313,5646461.418265862,14453032.650731662,586.6888741559779,False,True
0.041863150403489806,0.9439011041062609,-0.21298250773547595,0.7309185963707849,665601.6809552447,561.2399068518314,607836437.7262057,607836437.7262057,-4.338235823410802e-13,607836437.7262057,338035333.4175924,0.44387122515702604,0.0016287397772200684,0,59993,0.0,1.1568441698290435,15.575927930192675,6001048.430157815,14354913.446231317,584.3573499129724,False,True
0.04583479157711121,1.0538207929368888,-0.13909642406733938,0.9147243688695494,620329.7303444591,478.7283032794552,607726070.0660561,607726070.0660561,-5.030489400180746e-13,607726070.0660561,349296382.5003261,0.42524041717947086,0.0015303991993929685,0,59993,0.0,1.218195354868456,15.360489502105228,6427235.489177207,14063014.655104559,582.370420121316,False,True
0.04898957829951218,1.0538207929368888,-0.13909642406733938,0.9147243688695494,568897.1745186341,492.52540107556035,607637381.2835613,607637381.2835613,-5.562458081141383e-13,607637381.2835613,349939666.80507404,0.4240978623371256,0.0009244070903944881,0,59993,0.0,1.2664073947176415,15.225517334102548,6728420.215126377,13927941.763698002,576.418928317825,False,True
0.052961219473133585,1.1232994146807185,-0.19612805762494737,0.9271713570557711,530064.9929551871,505.1243429004134,607525983.9691286,607525983.9691286,-6.194628896868825e-13,607525983.9691286,352321640.62713623,0.4200714867776924,0.0009429527984266472,0,59993,0.0,1.3265816698312347,15.104799282063997,7117955.804784727,13743163.281476067,573.6440457231125,False,True
0.05796121947313359,1.1232994146807185,-0.19612805762494737,0.9271713570557711,487816.0895637328,528.1757724173485,607388814.7548443,607388814.7548443,-6.905026144376561e-13,607388814.7548443,352186541.2785411,0.4201629455084855,0.001647169789355294,0,59993,0.0,1.4017742808197462,15.008872777547705,7579237.741786932,13552202.007188847,569.8261453989918,False,True
0.06425584653210444,1.2914660772843134,-0.15331248770490352,1.13815358957941,440218.8227262591,445.58017168800586,607226318.9296457,607226318.9296457,-7.612113826212243e-13,607226318.9296457,362131648.352424,0.40362985420205205,0.0013095171951210383,0,59993,0.0,1.4958793920054978,14.938409255661728,8187836.942749555,13196002.025508251,565.8534293305956,False,True
0.06925584653210444,1.2914660772843134,-0.15331248770490352,1.13815358957941,391306.0864916126,464.1801031336548,607109850.0041852,607109850.0041852,-7.981112511979782e-13,607109850.0041852,357997244.1686401,0.41032542271193234,0.001391404674807654,0,59993,0.0,1.570354737703283,14.87745956450407,8591457.623659851,13009457.014144482,558.36759471603,False,True
0.07555047359107528,1.2914660772843134,-0.15331248770490352,1.13815358957941,354905.708276425,486.9566473854064,606985225.8949516,606985225.8949516,-8.143418718358364e-13,606985225.8949516,353631477.5816377,0.41739689452863354,0.0015527403476251185,0,59993,0.0,1.663719294158932,14.822171073375747,9120145.228609415,12804131.14490002,554.4068712100145,False,True
0.08347493955338085,1.2914660772843134,-0.15331248770490352,1.13815358957941,316807.6512948322,515.0479062869254,606873821.7296679,606873821.7296679,-7.765371155526545e-13,606873821.7296679,349329923.5609242,0.4243779990949531,0.00040802199048662344,0,59993,0.0,1.7808291867606083,14.780410661049347,9816718.734659648,12582469.531819874,550.0144200873831,False,True
0.09345125112822526,1.2914660772843134,-0.15331248770490352,1.13815358957941,278046.2328143019,550.0738950368716,606826852.249657,606826852.249657,-6.160183129794039e-13,606826852.249657,345826402.9330728,0.43010695447802133,0.0005128564101040715,0,59993,0.0,1.927897856164907,14.762820838582115,10740821.567587418,12347216.211962441,545.2327856187424,False,True
0.10137571709053084,1.3278321132487085,-0.2839450630480437,1.0438870502006647,239756.91853937134,624.1328878088857,606881600.2608647,606881600.2608647,-3.8132757997978114e-13,606881600.2608647,342039978.7035119,0.4363975138536283,0.0007948529311012427,0,59993,0.0,2.0446018676482276,14.72387790400591,11520751.0908317,12206783.488894418,540.1116507381207,False,True
0.11135202866537525,1.468556337603966,-0.1420149461993936,1.3265413914045725,215579.09634283872,507.88547152219337,607090806.5128645,607090806.5128645,7.278324593639715e-14,607090806.5128645,351408825.160143,0.42115936958650596,0.00037124849193166003,0,59993,0.0,2.1912346803748783,14.715562841960635,12499380.416628994,11875151.241979675,537.0313509146569,False,True
0.12391146082292316,1.468556337603966,-0.1420149461993936,1.3265413914045725,189993.75167732523,542.8468087857835,607596775.4377016,607596775.4377016,8.832912204822894e-13,607596775.4377016,347132190.1999321,0.4286799992480796,0.0010312646943622923,0,59993,0.0,2.3758817300258253,14.7447272657517,13591878.891669996,11610493.554852122,529.6861211950161,False,True
0.13972284912376506,1.4249799952306492,-0.4396032163065292,0.98537677892412,162076.42784061,765.1947967234897,608571949.9181648,608571949.9181648,2.045071532599048e-12,608571949.9181648,334495319.9957839,0.4503602736853649,0.001785729591172726,0,59993,0.0,2.608819799839343,14.793406143131318,15046607.746318802,11442331.531361017,523.7503905645474,False,True
0.15228228128131296,1.6585508518554586,-0.11143577199051885,1.5471150798649398,135520.62095439484,496.5500152010338,609567050.7597684,609567050.7597684,2.8574684535643773e-12,609567050.7597684,354672446.0819683,0.4181567956471692,0.0006360901482790656,0,59993,0.0,2.794288338369879,14.781249594699583,16335371.422116937,11023805.845571006,519.9436545845057,False,True
0.16809366958215488,1.4906490298823751,-0.25882710663328273,1.2318219232490923,119724.05614664283,695.9826465611326,611031961.8061417,611031961.8061417,3.4384563532706194e-12,611031961.8061417,335452766.0800795,0.45100618781296015,0.0010877423923119473,0,59993,0.0,3.027809342327682,14.809887851745904,17620151.994075272,10889086.477222754,510.3460959236896,False,True
0.18799902810982977,1.6160176151694745,-0.139538656201266,1.4764789589682086,101511.66453745539,606.1121247491334,613099107.5040542,613099107.5040542,2.9454894373054743e-12,613099107.5040542,342020146.32601786,0.44214541802484,0.0019307183735318197,0,59993,0.0,3.3222731503702994,14.845905724859083,19658151.93670052,10559200.777874727,507.21809942231476,False,True
0.20381041641067169,1.6160176151694745,-0.139538656201266,1.4764789589682086,85722.22192503927,631.1169941972178,614822113.9899842,614822113.9899842,1.1368720205007548e-12,614822113.9899842,337963346.66380113,0.4503071067653452,0.0013615672432127886,0,59993,0.0,3.556703852590226,14.845045104072733,21153346.546463788,10369356.241413556,499.4759055055114,False,True
0.22371577493834657,1.5015199409899067,-0.33964103654327454,1.1618789044466322,75177.87208481425,840.0057860761043,616971245.7182155,616971245.7182155,-3.3432669954499856e-12,616971245.7182155,325342716.38872194,0.47267766748190854,0.0009130178801195706,0,59993,0.0,3.851948229680951,14.869933267464075,23087506.42555695,10267680.567012746,494.96548587709134,False,True
0.2487751366197102,1.7471333589054365,-0.10988714199073797,1.6372462169146986,64592.538229927275,617.9241101671684,619579448.9353414,619579448.9353414,-1.0057332704763625e-11,619579448.9353414,342927532.74178994,0.446515643262439,0.00029397908737067774,0,59993,0.0,4.224506571298839,14.929811130116237,25907745.617484108,9889645.880600587,492.5328409051628,False,True
0.26868049514738507,1.6360175907784187,-0.31205238975778776,1.3239652010206309,54941.34130314495,828.7158135373111,621573876.1216648,621573876.1216648,-1.2990281686883342e-11,621573876.1216648,330685821.09323525,0.46798629447466045,0.0010914421287513876,0,59993,0.0,4.521593635747319,14.95577497573478,27752878.557652198,9792043.111982264,483.38079261514343,False,True
0.2937398568287487,1.7473530882598614,-0.2094621779406246,1.5378909103192369,48000.25434471618,741.0962244227339,623988438.5269713,623988438.5269713,-9.216864526721773e-12,623988438.5269713,338125717.1083324,0.4581218236886977,0.0009209083698986957,0,59993,0.0,4.896334061464756,15.000639435540155,30420501.21308009,9519077.489835761,480.98959036404835,False,True
0.3252877240527584,1.7473530882598614,-0.2094621779406246,1.5378909103192369,41432.93533571457,784.6510503578738,626878852.3431947,626878852.3431947,1.4110450249058182e-11,626878852.3431947,334560806.45161456,0.4663070779927124,0.0008775380004793555,0,59993,0.0,5.369976992001745,15.089762670068339,33531717.520071782,9278729.961345697,474.238108815691,False,True
0.3650041357889725,1.7473530882598614,-0.2094621779406246,1.5378909103192369,34620.899926120466,837.9837356839456,630342222.5758171,630342222.5758171,4.761053750737625e-11,630342222.5758171,329789943.5701668,0.47680810239472743,0.0017148992831620194,0,59993,0.0,5.970034674082359,15.209834079204631,37604837.769665875,9026831.521866223,468.2128048838108,False,True
0.3965520030129822,1.7473530882598614,-0.2094621779406246,1.5378909103192369,28256.237726369123,871.8667697745701,633042493.1455069,633042493.1455069,3.010282870993515e-11,633042493.1455069,327064535.8798849,0.4833450527866728,0.0013392341956290168,0,59993,0.0,6.449621528554431,15.238653571262546,40993561.50840663,8850924.339165205,461.8135670513907,False,True
0.4362684147491963,1.7473530882598614,-0.2094621779406246,1.5378909103192369,24429.17012429482,916.7720779520671,636490705.7220732,636490705.7220732,-9.543668889038472e-11,636490705.7220732,324489295.1613078,0.4901900495260371,0.0009022149768540049,0,59993,0.0,7.055004016191336,15.305850730078454,45360859.5813502,8656189.653915694,457.2917149968486,False,True
0.4862684147491963,1.7207393333732481,-0.43755372281399124,1.283185610559257,20652.759118972743,1151.687601189241,640917712.3226591,640917712.3226591,-1.6011576477580972e-10,640917712.3226591,317394095.8984566,0.504781831121138,0.0019759910112086398,0,59993,0.0,7.821245571710854,15.420812047728855,51040015.36978478,8497778.18243118,452.2331565611339,False,True
0.5259848264854103,1.893751052203503,-0.1743472911146516,1.7194037610888515,17055.39985878048,890.4798911326379,644434254.4966321,644434254.4966321,2.0657407999325627e-10,644434254.4966321,332639659.05092376,0.48382685009388776,0.002423971565385222,0,59993,0.0,8.43369424690532,15.46202938103371,55859484.63129881,8218757.734658565,448.07603252005464,False,True
0.5759848264854104,1.7943863774190971,-0.34509738631028103,1.449288991108816,14886.945986291423,1131.993702889017,648869132.4756399,648869132.4756399,6.735031643391397e-10,648869132.4756399,321923967.6139872,0.5038691910250901,0.0022562349359234266,0,59993,0.0,9.20766229021709,15.552327875996804,61162245.226414,8082868.986352524,440.65845599660247,False,True
0.6259848264854104,1.7943863774190971,-0.34509738631028103,1.449288991108816,12526.292137510227,1181.1801816805475,653461031.3563758,653461031.3563758,-7.709455302634321e-10,653461031.3563758,322043913.27674687,0.5071719692170674,0.0018272244746889944,0,59993,0.0,9.98558067233195,15.612159027320732,67131910.50397107,7918732.484514419,437.0003539229907,False,True
0.6759848264854105,1.950849777025873,-0.03401581318030494,1.916833963845568,10779.416153933951,861.9647782949211,658110075.4353361,658110075.4353361,-2.5135485843483786e-09,658110075.4353361,335677614.4718107,0.48993697710863665,0.00021258305164205307,0,59993,0.0,10.7665257718821,15.66672104100571,73254594.77299088,7656057.718625041,432.54057653139546,False,True
0.7259848264854105,1.7649597515000104,-0.29727501840442055,1.4676847330955898,9384.118793422018,1248.6515802455206,662295238.4604079,662295238.4604077,2.8772080410604904e-09,662295238.4604079,317214579.2051313,0.5210375059580102,0.0028799014447096973,0,59993,0.0,11.550273437461907,15.718867714176978,78668356.72844787,7621435.1583106825,425.3061066087898,False,True
0.7759848264854106,1.7649597515000104,-0.29727501840442055,1.4676847330955898,8162.776586097424,1291.5431146663275,666003773.789157,666003773.7891572,9.380691173054367e-09,666003773.789157,317585456.149676,0.5231476627485042,0.0030040182434821192,0,59993,0.0,12.336337150925013,15.755114353246524,85167063.89587308,7508178.281087914,424.3433479449846,False,True
0.8259848264854106,1.8869027876074866,-0.13803800124485366,1.748864786362633,7252.999167263724,1099.5688079010927,670092260.8572536,670092260.8572536,-1.0737886633978606e-08,670092260.8572536,326411729.07693005,0.512885391842387,0.00096884568775179,0,59993,0.0,13.124437304391686,15.796562895003,91799151.93355848,7331568.060655147,421.1786101756028,False,True
0.8759848264854107,1.8869027876074866,-0.13803800124485366,1.748864786362633,6492.238686483381,1131.667821561274,674822787.5059112,674822787.5059114,-3.5009216107869085e-08,674822787.5059112,325352180.9513528,0.5178701920339304,0.0008250238667007601,0,59993,0.0,13.914792791595465,15.842226059221474,97883805.79786904,7218589.687161259,416.1955709666381,False,True
0.9259848264854107,1.7609181161846637,-0.4150664829395801,1.3458516332450836,5808.9319002349075,1513.6001575329674,679381204.3535818,679381204.3535819,4.007433849485424e-08,679381204.3535818,314318584.1332709,0.5373457756572187,0.0016767364499501057,0,59993,0.0,14.707373929123351,15.883073239585245,104054154.18254125,7203331.499302271,412.97636501910944,False,True
0.9759848264854107,1.858780986713699,-0.2759231165730228,1.5828578701406761,5229.81024799701,1349.1167800612238,683334307.1461629,683334307.1461627,1.3065617325842215e-07,683334307.1461629,323676068.803111,0.5263283792161809,0.002060249197767029,0,59993,0.0,15.501968496300833,15.920600704475458,111017888.98804374,7056131.640334678,412.5396727730787,False,True
1.0259848264854108,1.858780986713699,-0.2759231165730228,1.5828578701406761,4764.951238845247,1384.817035348475,687018921.3860146,687018921.3860147,-1.495594673454381e-07,687018921.3860146,324367154.58258617,0.5278628513925101,0.002205540982318028,0,59993,0.0,16.29860351950391,15.962767576197997,117546425.43262321,6963056.225792951,408.30279814802924,False,True
1.0759848264854108,1.858780986713699,-0.2759231165730228,1.5828578701406761,4341.052627056678,1419.6637715817658,690857868.2559955,690857868.255996,-4.876154769258176e-07,690857868.2559955,324941103.8709906,0.5296556371410037,0.0020389457624022853,0,59993,0.0,17.097357646538192,16.0037602788023,124163950.55254658,6876683.143154532,405.6009560427426,False,True
1.1259848264854109,1.858780986713699,-0.2759231165730228,1.5828578701406761,3972.4584912165387,1453.603767582462,695292509.2583712,695292509.2583706,5.581635308869075e-07,695292509.2583712,325293592.58660936,0.5321485730752638,0.0019789570964188824,0,59993,0.0,17.898174945358814,16.043896173683457,130868553.76862915,6796771.35946729,403.07747178623896,False,True
1.175984826485411,1.858780986713699,-0.2759231165730228,1.5828578701406761,3649.844895964093,1486.7144775447625,700242673.4516867,700242673.451685,1.819805734444853e-06,700242673.4516867,325404976.40929496,0.5352968495831806,0.0007685782721213043,0,59993,0.0,18.701014126752284,16.083409967350132,137659259.96946487,6722677.31844931,400.72860939119585,False,True
1.225984826485411,1.858780986713699,-0.2759231165730228,1.5828578701406761,3365.8091310406703,1519.1299718661458,704797523.2701825,704797523.2701846,-2.0830946562021894e-06,704797523.2701825,325250850.4448825,0.5385187380685525,0.000397229254510104,0,59993,0.0,19.505845591400398,16.122506849557695,144534122.3608488,6653580.754212949,398.53838080753786,False,True
1.275984826485411,1.858780986713699,-0.2759231165730228,1.5828578701406761,3114.3847834746953,1550.9649767495036,708739310.168595,708739310.1686019,-6.7916074608535744e-06,708739310.168595,324904200.8298989,0.5415744602163938,0.002260534371685981,0,59993,0.0,20.3126490674554,16.161333106303722,151491022.50189614,6588793.171511948,396.48497586444375,False,True
1.325984826485411,1.858780986713699,-0.2759231165730228,1.5828578701406761,2890.7007388610473,1582.3380629346914,713074808.8612568,713074808.8612492,7.774215093921961e-06,713074808.8612568,324469585.8125617,0.5449711842566383,0.0021879838573365586,0,59993,0.0,21.12141145676499,16.200011127409947,158529754.73847744,6527796.273190704,394.5499170332345,False,True
1.375984826485411,1.858780986713699,-0.2759231165730228,1.5828578701406761,2690.7716882913396,1613.3568183329362,718124349.6897343,718124349.6897091,2.534662410896951e-05,718124349.6897343,324014106.13970846,0.5488050136724945,0.0004839803115101187,0,59993,0.0,21.93212373375546,16.238575386131103,165650947.58600017,6470096.173044903,392.71936328782806,False,True
1.4259848264854111,1.866586741813951,-0.09428649365995279,1.7723002481539982,2511.3270119412905,1445.9213694528478,722934864.4509186,722934864.4509475,-2.901376571948565e-05,722934864.4509186,329186285.58457416,0.5446529116636298,0.0013497419093633771,0,59993,0.0,22.744858826054955,16.28806673151879,172853659.50624964,6383253.414130734,390.97986026259633,False,True
1.4759848264854112,1.9497151460700533,-0.2355358767223215,1.7141792693477318,2349.615296040443,1616.0799410322552,727083820.5763401,727083820.5764349,-9.459488897502442e-05,727083820.5763401,324617883.8040188,0.5535344418107079,0.0007404729648055845,0,59993,0.0,23.567842926480427,16.730871858734833,180101306.09712642,6357241.649986032,388.3470961366788,False,True
1.5259848264854112,2.102844734534191,-0.3155706082266645,1.7872741263075265,2200.6183019406617,1679.6555138689037,731181184.1761485,731181184.1760403,0.0001082808477840206,731181184.1761485,322750007.0106628,0.5585909293134802,0.0019000341298928164,0,59993,0.0,24.419523759512202,17.34747707555014,187375202.7002968,6309126.6762037035,387.55503099082534,False,True
1.5759848264854113,2.2464518569123135,-0.35564369319479816,1.8908081637175154,2058.3142364226464,1707.3380096003643,735481631.2088711,735481631.2085181,0.00035303293179112687,735481631.2088711,321011138.6340282,0.5635361577876532,0.00011235661887959523,0,59993,0.0,25.302291064871653,17.973729689816416,194418420.31052414,6251597.695853304,386.08563448899224,False,True
1.6259848264854113,2.3780537140140217,-0.39048812965789126,1.9875655843561304,1920.0021116493392,1738.5834450966508,739521340.4430902,739521340.4434944,-0.00040410962541660283,739521340.4430902,318703083.457678,0.5690413974169772,0.005226228206052458,0,59993,0.0,26.216507021188633,18.60508786776013,201260343.40278643,6191193.412560893,384.3213667463523,False,True
1.6759848264854114,2.5013625927876095,-0.43045227481010534,2.0709103179775044,1786.9862140285882,1780.9322587320237,743011638.9250247,743011638.9263421,-0.0013175368381894868,743011638.9250247,315955988.21965104,0.5747630700956848,0.0020454636833109937,0,59993,0.0,27.162333008469574,19.23775769123792,207943647.15826413,6128660.3646611,382.4601620867462,False,True
1.7259848264854114,2.616659876121689,-0.4664848209696657,2.1501750551520233,1660.2960273292476,1823.4500247571464,746056472.733511,746056472.7320027,0.0015081576538823905,746056472.733511,312944438.2716457,0.5805351877384911,0.001283274076646996,0,59993,0.0,28.139748711458573,19.86826857608338,214489875.89351735,6063433.903267419,380.5237747220334,False,True
1.7759848264854114,2.7166396677297375,-0.4840227270530561,2.2326169406766816,1540.441130605893,1856.6384183042162,749203477.1956134,749203477.1906962,0.0049171144209668016,749203477.1956134,309437071.69809175,0.5869785964470381,0.0025695709310659285,0,59993,0.0,29.14856550198752,20.493361658140632,220918090.68034437,5996915.629501973,378.4934278666814,False,True
1.8259848264854115,2.7925443157618677,-0.48270020194078245,2.309844113821085,1427.7081339889262,1889.503774142807,753622292.6493767,753622292.6550053,-0.005628520990113048,753622292.6493767,305475995.10708296,0.5946563708549876,0.0019411831997951593,0,59993,0.0,30.188436198977474,21.10995731038266,227286922.6465202,5932576.701180387,376.4115909983286,False,True
1.8759848264854115,2.7925443157618677,-0.48270020194078245,2.309844113821085,1322.4578561678736,2005.8439553067847,758210574.9976255,758210575.0159763,-0.01835092084567777,758210574.9976255,299264931.2455681,0.6053010323068821,0.001151632169360879,0,59993,0.0,31.258869369356372,21.71537046325685,233708587.72912332,5889541.996888562,374.3869480661388,False,True
1.9259848264854116,2.965035507072636,-0.5098234504964342,2.455212056576202,1225.062932225974,1950.9224045574156,758146257.6306404,758146257.6096346,0.021005926306569774,758146257.6306404,297708205.9816944,0.6073208790714176,0.0016499118676295299,0,59993,0.0,32.359251339884715,22.307403530991042,240633549.24817267,5805483.224512427,373.0265816373306,False,True
1.9759848264854116,3.108112975673075,-0.5812200335188517,2.526892942154223,1137.1482685287783,1972.1347134124117,750139020.439442,750139020.3709553,0.06848656896174404,750139020.439442,293043104.2487367,0.6093482724347976,0.0032139904432972135,0,59993,0.0,33.48889359763517,22.885276371681286,246965961.94065893,5732171.181221302,370.3549948467619,False,True
2.0259848264854114,3.2983303809429647,-0.6764722618927328,2.621858119050232,1052.999475058396,1955.84463960246,733948365.2679555,733948365.3463507,-0.07839518423616594,733948365.2679555,288283550.67885715,0.6072154877358322,0.002066717368515172,0,59993,0.0,34.646982426841866,23.444733377498913,252839669.78154144,5646096.40865585,368.00913115273084,False,True
2.0759848264854113,3.5052824533890914,-0.7657023518951296,2.739580101493962,973.5628506334936,1898.6810795515914,712457471.2363982,712457471.4919937,-0.2555953550012995,712457471.2363982,283120543.0829106,0.6026141145076584,0.0015059528762175485,0,59993,0.0,35.83250966085883,23.98226333180623,257907402.1312169,5548934.645541794,365.23565178056634,False,True
2.125984826485411,3.665957405467103,-0.7989792804521145,2.8669781250149886,897.7763127081186,1813.6526965583028,693064637.2651656,693064636.9725907,0.2925748106380854,693064637.2651656,277215339.324272,0.6000151725845309,0.0016480664950931075,0,59993,0.0,37.044274997938686,24.493692292264644,262004535.836061,5449747.286469405,362.0794057730999,False,True
2.175984826485411,3.7583047741269757,-0.7809837875166904,2.977320986610285,825.5127780327801,1735.2776960171686,678951937.7912575,678951936.8373625,0.9538948510434562,678951937.7912575,270358729.37245464,0.6017999002227225,0.0009078089057331188,0,59993,0.0,38.28087077397325,24.974906497873246,265362879.26977673,5357102.234926015,358.8287241074366,False,True
2.2259848264854107,3.7583047741269757,-0.7809837875166904,2.977320986610285,757.7785235591757,1784.9810157615984,665900359.1720346,665900360.2639387,-1.0919040583161441,665900359.1720346,260569911.801721,0.6086953427601275,0.00010469232475723786,0,59993,0.0,39.54071097828557,25.422900843394782,268366863.58001152,5290659.185434859,355.7656275577495,False,True
2.2759848264854106,3.8932159523128673,-0.773220837363574,3.119995114949293,695.5408023553392,1647.3675989706712,651865158.5804331,651865162.1404172,-3.5599840491725314,651865158.5804331,255817573.39261094,0.607560597425233,0.0010985015501335292,0,59993,0.0,40.82209147196834,25.835970606072415,271547088.67126924,5185918.690712441,353.5524995413875,False,True
2.3259848264854104,3.8932159523128673,-0.773220837363574,3.119995114949293,639.680027968102,1679.4370133464292,639348001.7785577,639347997.7035161,4.075041422626372,639348001.7785577,247255813.126733,0.6132688106650693,0.0013752144382416307,0,59993,0.0,42.12326049668696,26.21392972177477,274045012.2796752,5114989.535424363,350.03532156158775,False,True
2.37598482648541,3.8932159523128673,-0.773220837363574,3.119995114949293,587.6991997349617,1704.7038497588553,629260312.9082766,629260299.6222353,13.286041345646588,629260312.9082766,239876172.26876572,0.6187965976113752,0.00040440455487031536,0,59993,0.0,43.44241232754651,26.554798175500984,276627686.2596559,5043039.187315337,347.6333181279181,False,True
2.42598482648541,3.8932159523128673,-0.773220837363574,3.119995114949293,540.9522415811152,1723.3975162927748,619321874.7623663,619321889.9706279,-15.208261632189366,619321874.7623663,233453308.13294792,0.6230501171583454,0.0010323436312880319,0,59993,0.0,44.77769417034577,26.85868805738324,279259147.3719889,4970179.459178618,345.1796550602146,False,True
2.47598482648541,3.8932159523128673,-0.773220837363574,3.119995114949293,498.8089578890769,1735.067086547197,608924787.2225535,608924836.8067348,-49.584181333414215,608924787.2225535,227445423.67771038,0.6264802674314812,0.0004421289387286407,0,59993,0.0,46.1272605980566,27.125783666789612,281910138.5097443,4897828.265764173,342.67707723459347,False,True
2.5259848264854097,3.8932159523128673,-0.773220837363574,3.119995114949293,460.7383643619504,1739.6450371093317,600587557.22685,600587500.4688449,56.75800510612943,600587557.22685,221713820.4044917,0.630838471865398,0.0008258205998318447,0,59993,0.0,47.48927810580115,27.35637885996205,284544194.74602395,4826440.425821193,340.1737484209998,False,True
2.5759848264854095,3.8932159523128673,-0.773220837363574,3.119995114949293,426.27770929900186,1737.238526404428,595129742.1204911,595129557.069807,185.05068398801066,595129742.1204911,216313564.30833706,0.6365270478037345,0.0022901847046685087,0,59993,0.0,48.86193099706705,27.55089275664731,287123789.4564763,4756085.708504288,337.6855631611294,False,True
2.6259848264854093,3.7945224932666317,-0.7544814354131404,3.0400410578534913,395.01556045216563,1830.4983964091248,590208716.1601942,590208927.983953,-211.82375879232225,590208716.1601942,209007609.51639464,0.6458750882634104,0.002593334917376646,0,59993,0.0,50.24342760288779,27.70986730592528,289622333.5011035,4710532.3339270875,335.2153173943685,False,True
2.675984826485409,3.736095577338847,-0.712696939369934,3.023398637968913,366.5960968886833,1837.5779828326474,585019160.877189,585019851.4957438,-690.6185546186293,585019160.877189,203882243.31066135,0.6514947595819659,0.0020729577440981714,0,59993,0.0,51.632007127186064,27.83399468561129,292569976.2972728,4654612.045152673,333.60612339014443,False,True
2.725984826485409,3.6573337824036782,-0.6590562122679328,2.9982775701357456,341.35066472357755,1850.6622381655015,581677569.1844699,581676778.64744,790.5370300631373,581677569.1844699,198917215.4350068,0.6580283889683164,0.000805654605075516,0,59993,0.0,53.02597118281175,27.925079085592056,295712279.2971957,4604580.268578949,331.6200370537965,False,True
2.775984826485409,3.543769917927618,-0.5829301730190337,2.9608397449085846,318.6232288830759,1875.4734007281863,581711123.4929955,581708546.069461,2577.423534486513,581711123.4929955,194065190.09078446,0.6663890679526928,4.230675333797086e-05,0,59993,0.0,54.423704560480495,27.984638764082504,299131148.27072644,4562682.538641414,329.8329530048906,False,True
2.8259848264854086,3.3977253670012244,-0.49384717874468803,2.9038781882565363,298.22406035291567,1923.0801552805763,585193490.8906233,585196441.2149849,-2950.32436146014,585193490.8906233,189329495.8833093,0.6764668458715029,0.0012424720826277476,0,59993,0.0,55.82367411684644,28.014434793849926,302981761.1565042,4529862.713352373,328.3289254004254,False,True
2.8759848264854084,3.2961596889000724,-0.46486521536767034,2.831294473532402,280.0423766693018,1991.500464338211,586775350.7196683,586784969.7952517,-9619.07558332737,586775350.7196683,184964775.61154488,0.6847775296206815,0.0011686142204211508,0,59993,0.0,57.22444100176794,28.016474496364374,307413857.67967063,4497801.6043469785,327.14594307044484,False,True
2.9259848264854083,3.368796296305066,-0.5893123349305512,2.7794839613745146,263.8992550020182,2035.0433818610609,573052982.8973187,573041972.1369029,11010.76041577743,573052982.8973187,181643326.06697953,0.6830252498667704,0.0006061228706615443,0,59993,0.0,58.6246695643252,27.992874462069874,312292095.25463325,4447933.126096748,325.98616325658486,False,True
2.975984826485408,3.368796296305066,-0.5893123349305512,2.7794839613745146,249.31676288885433,2002.4404256416174,560644048.2942072,560608149.4154084,35898.878798823236,560644048.2942072,179287369.09003174,0.6802117678132423,0.001417326128928216,0,59993,0.0,60.02311995251096,27.945345645149306,316791661.31312025,4398057.172265856,324.1739728956313,False,True
3.025984826485408,2.52259405583516,0.13862617640726915,2.661220232242429,235.62584742010688,2104.9799794286005,614843502.1995682,614884594.9168699,-41092.71730164836,614843502.1995682,174059247.67474172,0.7169047943874262,0.0010086160332923864,0,59993,0.0,61.41861684818188,27.874755276901798,320786189.62786335,4447670.843159711,322.35132099910777,False,True
3.0759848264854077,1.0497787930893632,1.2419222136255308,2.291701006714894,223.1665564508305,2541.5093053506052,750839977.9109704,750973954.3505822,-133976.43961196576,750839977.9109704,166815959.47993308,0.7778275472970182,0.0012420828582353873,0,59993,0.0,62.810050280251225,27.78284581966658,328081239.783336,4586800.748381944,324.16441491074505,False,True
3.1259848264854075,-0.14534141013385407,1.822288119052038,1.6769467089181838,214.46708710231346,3338.1607213917846,896496807.9290851,896343447.820294,153360.10879081176,896496807.9290851,161026575.84354982,0.8203824325760596,0.0005914215015272121,0,59993,0.0,64.19652224409172,27.67634036166601,342512609.8556062,4743426.892574113,329.19555033793563,False,True
3.1759848264854074,-0.662356185158145,1.6987159677130916,1.0363597825549467,210.77355548282435,4243.98692287858,999345085.8832333,998845079.0035841,500006.879649041,999345085.8832333,159460785.76269934,0.8404347126780876,-0.0007414730847312962,1806,59993,3.135771164463279e-05,65.57754259145082,27.564831029266664,364180881.1930628,4874436.553125599,334.76891497379336,False,True
3.225984826485407,-0.6124700919168098,1.185706813288356,0.5732367213715461,210.82407779751875,5004.141280400714,1051451364.671999,1052023712.3898605,-572347.7178615822,1051451364.671999,162332247.3702462,0.8456112637973646,0.000523483203887688,0,59993,0.0,66.95306649431878,27.457029130080823,390472706.7256547,4961488.161641516,339.36045222950725,False,True
3.275984826485407,-0.2470502879237161,0.6188032739911926,0.37175298606747653,212.46275227456005,5471.748462141446,1060370832.9812548,1062236884.0602387,-1866051.0789842014,1060370832.9812548,168748275.8405916,0.840859187567285,0.0005919172738056505,0,59993,0.0,68.32332990230212,27.354396109259987,418497916.7770077,5000321.840332601,342.377328338679,False,True
3.325984826485407,0.1470151996524197,0.22843839810671857,0.3754535977591382,213.99833697106044,5661.296806417145,1051920878.434129,1049784847.6714736,2136030.762655454,1051920878.434129,177105244.47744563,0.8316363444168146,0.0008666934219357185,0,59993,0.0,69.68857150619807,27.255815333336162,445909632.98513705,5005714.594683422,343.7146141966523,False,True
3.3759848264854067,0.4784987828377715,-0.003942903902548734,0.4745558789352227,214.49610890298092,5688.849010859333,1040722150.660144,1033757953.2238562,6964197.436287726,1040722150.660144,185922972.7232205,0.8213519596894454,0.001206449773842504,0,59993,0.0,71.04895075963542,27.159741722093756,471810957.6087905,4993112.490301265,343.8999091686385,False,True
3.4259848264854065,0.8022414405067332,-0.2022201640687179,0.6000212764380153,213.84010959580047,5647.474008585979,1021112818.794868,1029084594.1276282,-7971775.332760243,1021112818.794868,194414919.5573614,0.8096048585632167,0.00102841623003314,0,59993,0.0,72.40454550214595,27.064451168214486,496130051.34742546,4966728.751131087,343.46674487399446,False,True
3.4759848264854063,1.0061548802800144,-0.2722778540550364,0.7338770262249781,212.22969697890744,5554.537571772649,1011982162.0743647,1037972900.7405314,-25990738.66616689,1011982162.0743647,202222341.96187538,0.800172029171582,-0.000362370326779234,1037,59993,1.8654915301823763e-05,73.75534527094653,26.967966215270266,518545129.297935,4938985.900755781,342.5580992507382,False,True
3.525984826485406,0.7269735262478666,0.12656883418436074,0.8535423604322273,209.71549933539688,5430.9649445345,1073925152.070507,1042906337.5623885,31018814.50811864,1073925152.070507,209109611.21951917,0.8052847437120177,0.0008451731539811674,0,59993,0.0,75.10124288351984,26.86839665581003,539702509.2112954,4950612.225954503,341.60003944575556,False,True
3.575984826485406,-0.03980860851566567,0.9110883549461195,0.8712797464304538,206.6852446643786,5452.982339947785,1220505311.0197926,1034332193.8125836,186173117.207209,1220505311.0197926,214941155.54639247,0.8238916671597287,-0.00015979101263914028,406,59993,7.318725389471705e-06,76.44205691073729,26.764660613776154,563263274.5085539,5024910.172019714,342.0018647114767,False,True
3.6259848264854058,-0.7865398282001923,1.510215133267204,0.7236753050670117,204.50906723159898,5797.5101361502875,1383741516.6398852,1018331276.5549788,365410240.08490634,1383741516.6398852,220318130.27199763,0.84078086288327,-7.71740274704933e-05,218,59993,3.935097167786523e-06,77.77763021994262,26.658790644694566,593445046.0919132,5133815.821355444,344.5586603491904,False,True
3.6759848264854056,-1.1352987645304327,1.6051146254929753,0.4698158609625427,204.45510112000284,6406.7099614244735,1503700271.410808,998715975.9019694,504984295.50883853,1503700271.410808,226505325.20780566,0.8493680359615199,0.0012845327633506586,0,59993,0.0,79.10801839879188,26.55800584478223,630899176.2196938,5238184.052151627,348.2724820192464,False,True
3.7259848264854054,-0.9645929182102373,1.2034135165932662,0.23882059838302894,206.38281147322118,7058.672389615259,1545747836.6704938,973372364.4022607,572375472.2682328,1545747836.6704938,234634392.91205686,0.8482065526176287,0.0018839137439785722,0,59993,0.0,80.43356730640147,26.465557398836552,673206813.0764494,5305507.5119678285,351.794784010259,False,True
3.7759848264854052,-0.4093904633327525,0.5539303763629825,0.14453991303023,209.21315888034906,7507.06177535676,1509618824.9763124,939600199.2063154,570018625.7699968,1509618824.9763124,245085999.52627212,0.8376504085194368,0.002282744601726843,0,59993,0.0,81.75471652521757,26.381821071791688,716255125.3494909,5320210.109178759,354.04827753596135,False,True
3.825984826485405,0.18936482164067917,0.026204505970052493,0.21556932761073166,211.6025242600587,7621.393510271425,1446407792.433457,894705465.2507459,551702327.1827109,1446407792.433457,257127631.38756692,0.8222301948781873,0.0023516542644755477,0,59993,0.0,83.07185129105363,26.304378347058517,756037794.6261233,5295338.305074486,354.53850659314253,False,True
3.875984826485405,0.6478001861920522,-0.2592796679643265,0.38852051822772565,212.53388410349754,7473.425396210722,1392864970.713815,841832449.1076837,551032521.6061314,1392864970.713815,269475105.69744706,0.80653178063675,0.002006230434134658,0,59993,0.0,84.38520565661572,26.230222144472556,791261175.283923,5252969.694941425,353.70880793078334,False,True
3.9259848264854047,0.9608606282791639,-0.37782448134095953,0.5830361469382044,211.8960222738853,7217.410398346317,1355129908.4029138,793449848.4928131,561680059.910101,1355129908.4029138,280976149.5916881,0.792657406607731,-0.0002919942229745903,842,59993,1.650224612479492e-05,85.69486857901259,26.15672666717009,822562874.7784375,5207938.813562332,352.2909336871978,False,True
3.9759848264854045,1.1603333937485634,-0.40516786923429104,0.7551655245142723,210.09326271336565,6957.098650740503,1333329709.7936444,758019407.8153617,575310301.9782828,1333329709.7936444,291036928.4508924,0.7817217104567966,0.001213800466974489,0,59993,0.0,87.00080260248731,26.081088797637683,850914308.5554649,5167519.896417247,350.77768337351245,False,True
4.025984826485405,1.2879858725709508,-0.3938747531505549,0.8941111194203959,207.53223448810576,6732.6881209776275,1322315428.7509708,736134336.0845344,586181092.6664366,1322315428.7509708,299673269.9630073,0.7733723259615357,0.0006320211260148216,0,59993,0.0,88.30285669057936,26.001562873036573,877287221.1222523,5132859.285436928,349.4138357037146,False,True
4.075984826485405,1.3982529124689904,-0.39456925815578014,1.0036836543132104,204.53253162094404,6550.581051179489,1313186879.2074838,723574392.3260424,589612486.8814414,1313186879.2074838,307161422.029319,0.7660946610929491,0.0034947491779482426,0,59993,0.0,89.60081308933366,25.917221220958428,902364314.0447159,5100202.655286142,348.24003532959,False,True
4.125984826485404,1.5573988640587586,-0.4581880250019749,1.0992108390567836,201.29300394211762,6385.959217697217,1291972359.2120826,709619117.8597221,582353241.3523605,1291972359.2120826,313967901.8052877,0.7569855890750148,0.0022513524863349357,0,59993,0.0,90.89442093823452,25.827663938142223,926349535.1384518,5061302.20168366,347.13046932980683,False,True
4.175984826485404,1.7531666700985151,-0.5564166516513188,1.1967500184471964,197.87095787900282,6199.3899197651135,1257482562.813537,689853118.6917795,567629444.1217574,1257482562.813537,320374767.1400122,0.7452252805611919,0.0033043359914365117,0,59993,0.0,92.183413395637,25.7326505867391,948720717.3699102,5014283.981726894,345.8041122262423,False,True
4.225984826485404,1.892923703048028,-0.5978765596294183,1.2950471434186097,194.18617500620593,5985.523488754146,1229633432.259555,670895473.0468322,558737959.212723,1229633432.259555,326102643.786969,0.734796862844134,-0.0020355399314719875,3245,59993,6.634000324231126e-05,93.46750705807173,25.631760222545847,968895957.0919107,4968727.147024623,344.19414800168056,False,True
4.275984826485404,1.957879904568685,-0.5765583800082487,1.3813215245604362,190.1886250475856,5778.435903313766,1216366543.3862066,656329199.4290624,560037343.9571441,1216366543.3862066,330877996.0831272,0.7279783812846365,0.0007403576948205839,0,59993,0.0,94.74639458692133,25.524457144741664,987313838.3713777,4930033.463206248,342.62700756917206,False,True
4.325984826485404,2.017730271709785,-0.5668157528463614,1.4509145188634238,186.0177468209534,5601.191289282615,1203470779.7312834,643276319.5335113,560194460.197772,1203470779.7312834,334924435.87611836,0.7217012315405764,0.000778344805507714,0,59993,0.0,96.0197512536561,25.4105788210151,1004807921.8419653,4892744.454696066,341.29030581360223,False,True
4.3759848264854035,2.078742896165283,-0.5697511263599954,1.5089917698052875,181.8441948169958,5443.677087353435,1187544337.814944,630354702.7233793,557189635.0915649,1187544337.814944,338419047.5068919,0.7150261790397016,0.0015172315792533085,0,59993,0.0,97.28725535012708,25.290405356786057,1021467281.5002166,4855629.215835704,339.99715708618044,False,True
4.425984826485403,2.078742896165283,-0.5697511263599954,1.5089917698052875,177.69321480989717,5425.905246614262,1185510334.1875565,619491351.3063952,566018982.8811613,1185510334.1875565,339533054.0469048,0.7135975585741388,0.0008279500058742339,0,59993,0.0,98.54860062240459,25.164274208400922,1037198508.0409174,4833495.575568478,338.7051318874166,False,True
4.475984826485403,2.008535725811626,-0.41548975395420473,1.5930459718574213,173.57124688805624,5175.890972776974,1196386736.4645097,610353752.1276687,586032984.3368413,1196386736.4645097,343816867.0442811,0.7126206296299238,0.002559715256293607,0,59993,0.0,99.80349777384022,25.03252601974904,1052622164.1760178,4805744.916454684,337.93228248245345,False,True
4.525984826485403,2.008535725811626,-0.41548975395420473,1.5930459718574213,169.58342923961072,5152.785445632147,1187824870.0832067,598521097.2549284,589303772.8282784,1187824870.0832067,345335901.9146102,0.7092703557466182,0.004777195889470762,0,59993,0.0,101.05168064026644,24.895743627021034,1068682619.5163575,4784371.456041479,336.96079688634194,False,True
4.575984826485403,2.188674336676927,-0.5628795263707926,1.6257948103061344,165.8445176514988,5051.2136813584775,1152024377.6398122,581216071.4710177,570808306.1687946,1152024377.6398122,348431907.82074004,0.6975481469111069,0.0007948322776954766,0,59993,0.0,102.29291932982517,24.75479286849879,1084723189.9648893,4735949.0538119385,336.2106484759076,False,True
4.625984826485403,2.2749372748701573,-0.6115785614481741,1.6633587134219832,162.23117272032906,4918.665986066001,1124858331.8603668,558924814.9490403,565933516.9113266,1124858331.8603668,350890431.725355,0.6880581120424039,0.0005707599665464812,0,59993,0.0,103.52701823631938,24.610181827146494,1098499116.8808022,4695325.490593596,334.50493542767424,False,True
4.6759848264854025,2.2749372748701573,-0.6115785614481741,1.6633587134219832,158.43862931262845,4877.267853276339,1119201524.544285,533960470.2440725,585241054.3002126,1119201524.544285,351286010.20381504,0.6861280095674895,0.001833710434845701,0,59993,0.0,104.753786998236,24.461617913486762,1110939418.183988,4670039.286678802,333.0672037267792,False,True
4.725984826485402,2.2749372748701573,-0.6115785614481741,1.6633587134219832,154.6331361914167,4833.528212730191,1104903003.5223217,511061106.3581677,593841897.164154,1104903003.5223217,351637358.85950273,0.6817482098079943,0.0010895260720466472,0,59993,0.0,105.97303135974131,24.309234869280047,1123069276.5269136,4644682.596285809,332.16914300137233,False,True
4.775984826485402,2.4050286514530583,-0.6412841663056965,1.7637444851473618,150.9543438533075,4512.656622768954,1071053673.5058357,492432622.156168,578621051.3496677,1071053673.5058357,356499871.37822896,0.6671503210373083,0.002282046220843023,0,59993,0.0,107.1845728917397,24.15352931915726,1134939924.279121,4585901.147510819,331.26613407133254,False,True
4.825984826485402,2.474840585262735,-0.6864229000361737,1.7884176852265614,147.40123974302958,4393.429140426697,1043742400.3552711,475875186.84030503,567867213.5149661,1043742400.3552711,357451662.0575674,0.6575288481756636,0.0024651268106383436,0,59993,0.0,108.38825729175063,23.994969909571232,1144968023.3087156,4545220.152733205,329.1632664932582,False,True
4.875984826485402,2.474840585262735,-0.6864229000361737,1.7884176852265614,143.77644484113586,4335.824637538915,1036792582.2318747,460332102.6145339,576460479.6173409,1036792582.2318747,356884761.31010926,0.6557799820077288,0.0027412845348209884,0,59993,0.0,109.58394032373684,23.8334945047459,1153817053.5720813,4516671.341359003,327.70002972063645,False,True
4.925984826485402,2.3942491715502072,-0.5591888015742918,1.8350603699759154,140.17729841225176,4135.565515235616,1038953351.7801057,447209298.2994262,591744053.4806795,1038953351.7801057,358335492.4671812,0.655099536612282,0.0019655937201617712,0,59993,0.0,110.77148111429808,23.66929785967972,1162304498.5175993,4491053.594645543,326.66925641654035,False,True
4.975984826485401,2.340024209375772,-0.5043405146369015,1.8356836947388704,136.7036682124914,4071.246591740285,1040150493.2935187,436916746.5326076,603233746.7609111,1040150493.2935187,357956203.0666908,0.6558611418495193,0.003191649141246777,0,59993,0.0,111.95075430751473,23.502804341420923,1171389365.3375175,4470669.8752244385,325.74153447187166,False,True
5.025984826485401,2.340024209375772,-0.5043405146369015,1.8356836947388704,133.45649259823995,4012.693502884517,1035946689.290919,427904999.5828491,608041689.70807,1035946689.290919,357826458.19192386,0.6545898916508458,0.0028923586553285517,0,59993,0.0,113.12166189629484,23.33468181774461,1180799288.26865,4444125.487587648,325.0014658938035,False,True
5.075984826485401,2.340024209375772,-0.5043405146369015,1.8356836947388704,130.38554611152628,3953.0496498314524,1028757332.4470307,418583655.188784,610173677.2582468,1028757332.4470307,357654252.3809978,0.6523434233705324,0.004022665380982,0,59993,0.0,114.28413518753327,23.16543623474003,1189941320.2493432,4417917.797559601,324.035189156806,False,True
5.125984826485401,2.2361256963534055,-0.4158723435701985,1.820253352783207,127.41517093348288,3931.18486236379,1030998658.2100731,407605406.4312109,623393251.7788622,1030998658.2100731,356488643.6940878,0.6542297695003878,0.0011769188026018557,0,59993,0.0,115.4381254778449,22.995362796191703,1198793579.8351426,4408336.863336603,323.07833377051156,False,True
5.175984826485401,2.1430746022936957,-0.3359755285596892,1.8070990737340065,124.54285414694338,3905.548819826854,1042024775.3605388,395237085.07952577,646787690.2810131,1042024775.3605388,355810826.34237593,0.658538995659421,0.0014206638485490788,0,59993,0.0,116.58359824172048,22.824733650581685,1208539726.0943866,4398369.7218570905,322.7278211039802,False,True
5.2259848264854005,2.1430746022936957,-0.3359755285596892,1.8070990737340065,121.88366393029084,3848.924396240952,1038999761.3207918,384287945.6900206,654711815.6307712,1038999761.3207918,356223483.59490407,0.6571476752390515,0.004231510913676393,0,59993,0.0,117.72053964001972,22.65410218684255,1219092634.9339008,4375488.384410453,322.36277480470386,False,True
5.2759848264854,2.1430746022936957,-0.3359755285596892,1.8070990737340065,119.40954500423928,3791.7526924137032,1016428601.7909226,376427886.38893473,640000715.4019879,1016428601.7909226,356540579.35373527,0.6492222092869885,0.0023792383174931235,0,59993,0.0,118.84896088614055,22.483917984953337,1229419806.2082567,4353018.623737133,321.5231785491157,False,True
5.3259848264854,2.1889392890576502,-0.44476758128095417,1.744171707776696,117.01014457705016,3925.7677785827254,999706684.2749596,371111973.61612684,628594710.6588328,999706684.2749596,353784977.5764953,0.6461112212797907,0.0027280129404753557,0,59993,0.0,119.96888796113493,22.314324426929687,1239467817.1356297,4334649.415359229,320.69654534655314,False,True
5.3759848264854,2.1389861343059158,-0.4052647170043631,1.7337214173015527,114.68488910427163,3895.6029175246194,1000291243.5078017,366872695.33950925,633418548.1682925,1000291243.5078017,353168863.46853065,0.6469339647220693,0.0017518917323004666,0,59993,0.0,121.0803539470271,22.14546222554525,1248621566.3505766,4319848.83496237,320.01917981141366,False,True
5.4259848264854,2.0893378191160035,-0.36812342080715577,1.7212143983088477,112.37749872825165,3872.6245998931154,1002849800.6014364,361113124.1917846,641736676.4096519,1002849800.6014364,352554118.1969891,0.6484477356573709,0.002951708543452129,0,59993,0.0,122.18339520145939,21.977322776921667,1258053635.5001283,4306218.916254711,319.4723628477478,False,True
5.4759848264854,2.0893378191160035,-0.36812342080715577,1.7212143983088477,110.18378131740559,3816.495000506005,998962550.2263253,353361235.27844083,645601314.9478846,998962550.2263253,352789787.31387055,0.6468438308984232,0.0017645238798398562,0,59993,0.0,123.27805375332933,21.810139903779568,1267854265.4967215,4285066.425311261,318.96796759570225,False,True
5.5259848264853995,2.0360560896379023,-0.3402979024113101,1.695758187226592,108.10203922828975,3833.610466405803,995161957.2251921,346694885.96043086,648467071.2647613,995161957.2251921,351573518.1882594,0.6467172849246056,0.0018851073887626692,0,59993,0.0,124.36438278325679,21.6441260883285,1277412927.262115,4275262.127700389,318.1836051423168,False,True
5.575984826485399,2.0360560896379023,-0.3402979024113101,1.695758187226592,106.081143533937,3778.8948704702198,994544781.2818198,342189799.19797164,652354982.0838482,994544781.2818198,351864107.8901136,0.646205867737184,0.0018824001065594865,0,59993,0.0,125.44244267254575,21.479357852890054,1287279750.7535045,4254938.700132448,317.8193922109017,False,True
5.625984826485399,1.9688883436859599,-0.3056276170649903,1.6632607266209696,104.16475517073943,3818.114295781175,992547362.8758253,337197335.7468622,655350027.1289632,992547362.8758253,350327836.9021966,0.6470416929151369,0.003166284398508843,0,59993,0.0,126.51230029629934,21.316017757021143,1296878790.9607084,4248993.952207171,317.0630790542644,False,True
5.675984826485399,1.9688883436859599,-0.3056276170649903,1.6632607266209696,102.29669141401548,3765.0211445780524,986905081.6358842,329726031.45329136,657179050.182593,986905081.6358842,350737600.00672424,0.6446085783393222,0.0014721513088667851,0,59993,0.0,127.57402781978799,21.154135931384378,1307061061.4875276,4230278.038799562,316.84151077464253,False,True
5.725984826485399,1.9688883436859599,-0.3056276170649903,1.6632607266209696,100.53645222439503,3711.8161400760214,980144605.7116404,319410993.02135444,660733612.690286,980144605.7116404,351098854.92546284,0.6417887188487404,0.006308979614120801,0,59993,0.0,128.62770268256875,20.993892249329697,1317078989.2092009,4212132.199502162,316.14293096484374,False,True
5.775984826485399,1.9688883436859599,-0.3056276170649903,1.6632607266209696,98.82122700287044,3658.7001510207233,973642436.493144,307819864.5314754,665822571.9616687,973642436.493144,351404582.8991163,0.6390825114763876,0.0033692465561993173,0,59993,0.0,129.6734072221747,20.835303873934983,1326936504.0703626,4194432.943029096,315.46415242011574,False,True
5.825984826485398,1.9688883436859599,-0.3056276170649903,1.6632607266209696,97.15204910509728,3605.8457471168717,966294031.438188,299336992.082213,666957039.3559748,966294031.438188,351645917.3365369,0.6360880788913048,0.0019941675255084807,0,59993,0.0,130.71122462490536,20.678387623874777,1336558784.0647874,4176747.896746103,314.80066912489156,False,True
5.875984826485398,1.9688883436859599,-0.3056276170649903,1.6632607266209696,95.52849700104453,3553.2517782464556,961234358.6450273,294777044.5437892,666457314.101238,961234358.6450273,351818055.69917333,0.6339934662811032,0.0036843318472930616,0,59993,0.0,131.74123881734192,20.523156344039066,1345857280.655579,4158821.741205321,314.13631887578197,False,True
5.925984826485398,1.8471514847119939,-0.23406754255473064,1.6130839421572631,93.94567944446983,3647.7616914983887,968566018.9731137,288847114.5102598,679718904.462854,968566018.9731137,349066652.1117641,0.6396046885045078,0.003992910618466983,0,59993,0.0,132.76353403555126,20.36960967343251,1354848425.8395603,4164909.827417693,313.4614742548713,False,True
5.975984826485398,1.7444100700336933,-0.14747820641099052,1.5969318636227028,92.40053240864604,3641.7142922756193,984578251.5754273,278920988.1283494,705657263.447078,984578251.5754273,348509295.79721946,0.6460318971706226,0.0011231239261181955,0,59993,0.0,133.77819446062244,20.217745781361334,1364978740.6306965,4164401.5502989157,313.69082798663817,False,True
6.025984826485398,1.7444100700336933,-0.14747820641099052,1.5969318636227028,90.98427944553794,3594.9873889642354,982632104.7261837,267537417.4577186,715094687.2684652,982632104.7261837,349291738.84356314,0.6445345748794812,0.00023421414201462874,0,59993,0.0,134.78530997931017,20.067793273384666,1376097465.8595293,4149380.086378204,313.6716863075106,False,True
6.0759848264853975,1.818978244280924,-0.2630163547844926,1.5559618894964313,89.67568748523443,3680.1216257374454,955351028.8186048,256627708.92908058,698723319.8895245,955351028.8186048,348059347.38661957,0.6356738655350247,0.0025512715453420653,0,59993,0.0,135.784980308618,19.919917214357753,1387091307.5546467,4131422.4568262165,313.1054507334994,False,True
6.125984826485397,1.8974292594592623,-0.349053364911751,1.5483758945475112,88.39747809440354,3661.5395511615334,929453397.990503,246398207.74722403,683055190.243279,929453397.990503,348281252.1451449,0.6252837927128612,0.0020042737559481526,0,59993,0.0,136.77730839169965,19.774082875932294,1397056805.4780748,4107022.228445477,312.42718938310804,False,True
6.175984826485397,1.8974292594592623,-0.349053364911751,1.5483758945475112,87.09714940440799,3612.970974312145,918269500.1611232,237173314.75020534,681096185.4109179,918269500.1611232,348452521.5961027,0.6205334909468714,0.004421028812975613,0,59993,0.0,137.76239212735243,19.63012403414658,1405870855.2190468,4090936.090741788,311.5032238444406,False,True
6.225984826485397,1.8974292594592623,-0.349053364911751,1.5483758945475112,85.77192269870504,3564.678981827791,908735599.1088879,229697883.792025,679037715.316863,908735599.1088879,348569711.5788518,0.6164233998088535,0.0020715543173373814,0,59993,0.0,138.74032112221252,19.48787519577475,1414434051.2105067,4074869.776488669,310.89258678315343,False,True
6.275984826485397,1.9542358003008737,-0.4160185806864224,1.5382172196144515,84.47636332244605,3552.1299934453614,893164803.6328554,223397717.48974967,669767086.1431057,893164803.6328554,348185997.33041567,0.610166012012335,0.004886198355922661,0,59993,0.0,139.71118041154594,19.347318066826066,1422777975.1999865,4052929.08528351,310.28150271206573,False,True
6.325984826485397,1.9971848724213361,-0.45655515908941036,1.5406297133319258,83.20972476944128,3498.568066184302,876387869.859497,215564449.170102,660823420.6893948,876387869.859497,348190570.7074878,0.6026980944369872,0.002205153266107727,0,59993,0.0,140.67505418518527,19.208437102463424,1430282828.8991446,4030502.5676457924,309.4450367981411,False,True
6.375984826485396,1.9971848724213361,-0.45655515908941036,1.5406297133319258,81.93437165479904,3449.2607573284345,865894240.6602522,206635708.84081194,659258531.8194401,865894240.6602522,347819431.1076994,0.598311878316128,-0.002355962454194845,2785,59993,6.630327982488611e-05,141.6320233847989,19.071118526531233,1437123530.3086782,4013975.0352896857,308.58770605824327,False,True
6.425984826485396,1.9329899121602379,-0.3852748614881551,1.5477150506720827,80.6627131242735,3374.0579084063925,871453430.84799,202340265.84061536,669113165.0073746,871453430.84799,347673976.4289389,0.6010412442915901,0.0017938432165232239,0,59993,0.0,142.58216406425254,18.935280405194128,1443714419.0675328,4004733.8336702134,307.9543566882182,False,True
6.475984826485396,1.8066606975325161,-0.2710508641672514,1.5356098333652648,79.42317988965678,3356.9132104187156,891166348.1098986,203339539.4195699,687826808.6903287,891166348.1098986,346501786.0046943,0.6111816982995372,0.0014692813918347418,0,59993,0.0,143.5255500647118,18.80091570880654,1450693306.4311595,4007006.3866952937,307.5996574009875,False,True
6.525984826485396,1.7289892095939587,-0.20893173847257462,1.5200574711213841,78.24859477522381,3356.1440069613554,904199367.0378361,201470950.94340208,702728416.094434,904199367.0378361,345594556.2133624,0.6177894291769603,0.004573594086902844,0,59993,0.0,144.46225691919412,18.668098669084475,1458885350.0758917,4004812.6820823955,307.68692130155017,False,True
6.575984826485396,1.7289892095939587,-0.20893173847257462,1.5200574711213841,77.16981382235153,3313.193152032234,900016307.2160752,194599577.13904577,705416730.0770293,900016307.2160752,345946575.3564942,0.6156218808672768,0.003924906885765275,0,59993,0.0,145.39236577006326,18.536979003605573,1467925405.3680813,3991307.3730192506,307.6026855204832,False,True
6.6259848264853956,1.7289892095939587,-0.20893173847257462,1.5200574711213841,76.16221500359578,3271.008021489824,887358877.0158669,191467686.78749818,695891190.2283686,887358877.0158669,346392665.93575984,0.6096363321448284,0.00024408112035016868,0,59993,0.0,146.3159636832727,18.407644318083438,1476757571.599894,3977273.4231485035,307.08358788548094,False,True
6.675984826485395,1.7289892095939587,-0.20893173847257462,1.5200574711213841,75.18290444113347,3229.2785368538557,873203514.196459,194541385.01287127,678662129.1835877,873203514.196459,346961332.84879655,0.602656966894965,0.0033138247442120886,0,59993,0.0,147.23313951470826,18.280079199190997,1485109326.228259,3962359.3397954907,306.5432397960942,False,True
6.725984826485395,1.7999374390287035,-0.40655985779056325,1.3933775812381404,74.21938364216814,3590.6247066231786,858941768.6830498,194696808.54368374,664244960.1393658,858941768.6830498,340895630.84278375,0.603121371818426,0.0008297055446942643,0,59993,0.0,148.14398059212297,18.154238105561568,1493242264.7139473,3958268.6389887705,305.96795808024956,False,True
6.775984826485395,1.7999374390287035,-0.40655985779056325,1.3933775812381404,73.26383045464989,3548.2690878541034,849485824.007994,188087963.02272725,661397860.9852667,849485824.007994,340932807.2457455,0.5986598038361884,0.005878915876435006,0,59993,0.0,149.0485712959267,18.03004884706756,1500803885.7522154,3944998.423176407,305.8099781403498,False,True
6.825984826485395,1.7634528846955138,-0.3387045683412944,1.4247483163542194,72.29162486922024,3405.6277134302027,855992276.5282191,180996865.81604633,674995410.7121727,855992276.5282191,342537782.8662832,0.5998354281237596,0.0067526581021586304,0,59993,0.0,149.94699091333578,17.90738020554212,1508379939.221943,3931930.9855764154,305.2969291571701,False,True
6.875984826485395,1.6408907352875632,-0.21896137843869196,1.4219293568488713,71.34880182955017,3366.1139762390217,874585340.8129979,177040345.07228723,697544995.7407107,874585340.8129979,342310837.197327,0.6086021326642391,0.0018005296825207018,0,59993,0.0,150.83931524323032,17.78622315959063,1516002792.3424585,3934988.710258487,304.7908760115832,False,True
6.9259848264853945,1.6408907352875632,-0.21896137843869196,1.4219293568488713,70.44368885906319,3327.752666453366,876629598.4762881,174092921.84499976,702536676.6312884,876629598.4762881,342849581.1945448,0.6089002906239214,0.00023871204596673362,0,59993,0.0,151.7256202592166,17.666593574818766,1524704900.6415377,3922660.3875761456,304.9093655614842,False,True
6.975984826485394,1.692680781105339,-0.2998429898166824,1.3928377912886567,69.61324322690682,3384.6646549339407,854292513.3289391,170915433.9949017,683377079.3340377,854292513.3289391,341865677.725041,0.5998259701552504,0.000523275760441801,0,59993,0.0,152.6059848896994,17.548593321374717,1533339401.2475412,3908447.0899195177,304.43135022272435,False,True
7.025984826485394,1.7425133800611297,-0.35532316304725836,1.3871902170138712,68.7983986327832,3367.2759628248155,836535128.7349453,168504947.76070368,668030180.9742415,836535128.7349453,341996196.8509485,0.5911753313119867,0.0014994471517281202,0,59993,0.0,153.48048955453532,17.43218096875302,1541294521.4927075,3890555.012611955,303.8793141482833,False,True
7.075984826485394,1.7425133800611297,-0.35532316304725836,1.3871902170138712,67.97629585317503,3328.453878446561,836021296.0139028,166353471.9115622,669667824.1023405,836021296.0139028,342191209.65275836,0.5906907978489249,0.0025175430943755244,0,59993,0.0,154.34921131980425,17.31726405651702,1548482845.9232452,3877775.0711250356,303.18296739644023,False,True
7.125984826485394,1.7425133800611297,-0.35532316304725836,1.3871902170138712,67.14559352956387,3289.8665042438492,834043289.2294422,161240976.83774525,672802312.3916969,834043289.2294422,342368637.0748229,0.5895073535198261,0.003454676725725197,0,59993,0.0,155.21222264965633,17.203750946926117,1555499724.8189588,3865174.4845185042,302.6846004873409,False,True
7.175984826485394,1.7425133800611297,-0.35532316304725836,1.3871902170138712,66.32872662686069,3251.568270471527,823316036.8279257,152091386.43213582,671224650.3957896,823316036.8279257,342518574.0522194,0.5839767978140255,0.0050853452103563805,0,59993,0.0,156.06959285074842,17.091606667299782,1562435077.187268,3852916.448258636,302.1924230352824,False,True
7.225984826485393,1.7425133800611297,-0.35532316304725836,1.3871902170138712,65.52774010354905,3213.6813245208205,819311980.6448655,141645342.9239389,677666637.7209265,819311980.6448655,342693867.4333895,0.5817297006158003,-0.0004325977411945971,568,59993,1.3726955027577949e-05,156.9213896564545,16.980803215691452,1569250578.6863992,3840737.790441739,301.7128551259423,False,True
7.275984826485393,1.663825528447147,-0.2766696138752466,1.3871559145719004,64.74347749669226,3171.4440547724053,826733246.1117393,131061653.94589777,695671592.1658415,826733246.1117393,342705202.9550464,0.5854706405399267,0.005367453266892618,0,59993,0.0,157.7676794788124,16.87131571985515,1575875567.435383,3838799.790806138,301.23563664596935,False,True
7.325984826485393,1.663825528447147,-0.2766696138752466,1.3871559145719004,63.97361964612888,3135.385188372791,829797259.8127271,118435363.74756457,711361896.0651624,829797259.8127271,343107505.6917587,0.5865164633476941,0.006282927881444796,0,59993,0.0,158.6085273883635,16.76311540664058,1583197230.4812183,3827319.5713938465,301.15962674256235,False,True
7.375984826485393,1.663825528447147,-0.2766696138752466,1.3871559145719004,63.250870828433804,3099.6407126956074,821695732.0112214,104089516.29318677,717606215.7180346,821695732.0112214,343477117.57966936,0.5819898969914831,0.0013477166404477076,0,59993,0.0,159.4439989655979,16.656251052297655,1590422077.1112676,3816078.4624710777,300.7089693051173,False,True
7.425984826485393,1.663825528447147,-0.2766696138752466,1.3871559145719004,62.54129422376829,3064.2530892437267,812959046.7431625,92338667.4399712,720620379.3031913,812959046.7431625,343924243.63534087,0.576947639597402,0.0010138314255478274,0,59993,0.0,160.2741602256974,16.550691671495613,1597527176.4566667,3804908.2774639986,300.26704279317477,False,True
7.4759848264853925,1.663825528447147,-0.2766696138752466,1.3871559145719004,61.84531275899521,3029.220240128318,809881341.5476357,85158745.01256046,724722596.5350751,809881341.5476357,344477115.2491977,0.5746573015363927,0.001622963722308032,0,59993,0.0,161.09907570721646,16.44640916350463,1604468116.6847258,3793691.298899463,299.8272593238407,False,True
7.525984826485392,1.663825528447147,-0.2766696138752466,1.3871559145719004,61.16177963316979,2994.529148195901,809438875.2322686,80197456.95616145,729241418.276107,809438875.2322686,344970244.6815879,0.5738155712096251,-0.0008653593027589908,1117,59993,2.7651128709901457e-05,161.91880851591407,16.34337431677032,1611247582.2247329,3782460.4542312,299.38498344938915,False,True
7.575984826485392,1.6041525319681602,-0.24791812230432422,1.356234409663836,60.489971958571836,3055.1629368114754,809322806.0316626,75841894.19277166,733480911.8388909,809322806.0316626,343284637.25873965,0.5758371879547535,0.00393591025247246,0,59993,0.0,162.7334202946128,16.241557819938475,1617881839.8446665,3783582.5965486206,298.94150529803835,False,True
7.625984826485392,1.6041525319681602,-0.24791812230432422,1.356234409663836,59.82978821302848,3022.049495527825,809724752.8786451,72293208.82079987,737431544.0578451,809724752.8786451,343765336.7671838,0.5754540841871676,0.006350539619196758,0,59993,0.0,163.54297126419232,16.14093209172389,1625014921.8607302,3772856.9637210043,298.9858454889577,False,True
7.675984826485392,1.5507132657802498,-0.2153448887260381,1.3353683770542117,59.20426241105442,3052.4941935172046,810688443.9173421,69537134.44888493,741151309.4684571,810688443.9173421,342945365.5462756,0.5769702058547631,0.002267405039561189,0,59993,0.0,164.34752161040853,16.041523048781457,1632011910.1530209,3772135.527391015,298.5617648460532,False,True
7.725984826485392,1.5507132657802498,-0.2153448887260381,1.3353683770542117,58.589198766864406,3020.796929618991,811662611.5774112,66954701.636559375,744707909.9408519,811662611.5774112,343626304.787267,0.5766389878185314,0.004140120994738732,0,59993,0.0,165.14713142264503,15.943301183814809,1639448746.1101415,3761909.8369910386,298.5332183620884,False,True
7.7759848264853915,1.4983690596254942,-0.18832782432821124,1.310041235297283,58.00441986131771,3066.826244963324,812490307.8509787,64265019.531394534,748225288.3195841,812490307.8509787,342581643.88861877,0.5783560239693928,0.0014597471580415943,0,59993,0.0,165.94186048332276,15.846283501637073,1646764973.430526,3762152.697464908,298.12830449966987,False,True
7.825984826485391,1.4983690596254942,-0.18832782432821124,1.310041235297283,57.42918675843886,3036.5282738671076,813729769.7928901,61815801.79777738,751913967.9951124,813729769.7928901,343310495.7706012,0.5781025734649227,0.005379842817363159,0,59993,0.0,166.7317682508992,15.750440256681612,1654515071.6833677,3752423.777209755,298.1379275921849,False,True
7.875984826485391,1.4404957683244077,-0.1592893949860427,1.281206373338365,56.88241022685302,3094.6517897157955,815597605.7644994,59773881.44759575,755823724.3169035,815597605.7644994,342187121.44768906,0.5804461427679887,0.004076205366244831,0,59993,0.0,167.51691379517095,15.65578544125751,1662141946.8621318,3754271.6116646985,297.7521859709115,False,True
7.925984826485391,1.4404957683244077,-0.1592893949860427,1.281206373338365,56.34426049502741,3065.8227834587133,817658915.8875916,57924715.53927262,759734200.3483188,817658915.8875916,343060509.7801281,0.5804356766443055,0.0037911945584082354,0,59993,0.0,168.297355777503,15.562288926947442,1670259200.0142105,3745035.1774694244,297.82548912951233,False,True
7.975984826485391,1.381286656471292,-0.13305872438134952,1.2482279320899425,55.83491996352897,3138.2943084824487,819583444.3299191,56101108.49843465,763482335.8314843,819583444.3299191,341756911.4626926,0.5830114507228624,0.004662385695535102,0,59993,0.0,169.073152516144,15.469966902431311,1678260478.002711,3748065.5719697825,297.4589014340987,False,True
8.0,1.381286656471292,-0.13305872438134952,1.2482279320899425,55.33323642259041,3125.0416856592838,820438008.0075614,55223141.45825525,765214866.5493062,820438008.0075614,342204639.8389951,0.582900064966467,0.005960099434939272,0,59993,0.0,169.44413615073637,15.425890769121473,1682351075.6180537,3743864.2984738057,297.5792254762624,False,True
