segment,t,beta_nocage,delta_nocage,beta_cage,delta_cage,g_nocage,g_cage,f_cage,T0,conv_cage,cage_ok,Lmech_W,Lmech_SN,Lmech_total,R2,v2,R1_nocage,R1_cage,vmin_nocage,vmin_cage,c_sound
0,0.0034101956,0.59080147,-0.0022639888,0.59080147,-0.0022639888,2.416525e-17,2.416525e-17,2.967211e-16,5753787.5,True,True,2.0282212e+08,3.8111559e-15,2.0282212e+08,0.27082343,32.093223,0.058109592,0.058109592,0.0020320921,0.0020320921,602.38667
1,0.0038073597,0.60754191,-0.057727556,0.61080147,-0.022263989,2.8417523e-15,2.7101074e-05,4.8577259e-05,5752270,True,True,2.0282235e+08,3.9836705e-15,2.0282235e+08,0.28335322,31.055005,0.060053276,0.060053276,0.0020776767,0.0024569003,600.73496
2,0.0041228384,0.60754191,-0.057727556,0.63080147,-0.042263989,4.6150553e-05,2.4035576e-05,2.6161819e-05,5726744.5,True,True,2.0282248e+08,4.0818352e-15,2.0282248e+08,0.29302389,30.281787,0.061532727,0.061532727,0.00096701759,0.0023004643,598.88424
3,0.0045200025,0.64705579,-0.090682745,0.65080147,-0.062263989,1.9694111e-15,1.5139717e-05,2.079203e-05,5692919.5,True,True,2.0282258e+08,4.1569842e-15,2.0282258e+08,0.30486853,29.403036,0.063288897,0.063288897,0.0027739285,0.0022739645,595.98694
4,0.0048354812,0.64705579,-0.090682745,0.66080147,-0.082263989,2.2480704e-05,7.127806e-06,1.2668075e-05,5666981.1,True,True,2.0282261e+08,4.1785734e-15,2.0282261e+08,0.31403799,28.749173,0.064690809,0.064690809,0.0026492585,0.0028028652,594.20106
5,0.0052326453,0.68155263,-0.0903137,0.68080147,-0.082263989,5.6762592e-15,1.2947819e-06,9.5905052e-06,5614754.3,True,True,2.0282258e+08,4.1582823e-15,2.0282258e+08,0.32530095,27.997334,0.066371334,0.066371334,-5.804852e-05,0.00050111804,590.87319
6,0.0057326453,0.68155263,-0.0903137,0.70080147,-0.092263989,3.6727368e-05,3.6759145e-06,4.0931758e-06,5575661.4,True,True,2.0282246e+08,4.0583678e-15,2.0282246e+08,0.33907703,27.146429,0.068475641,0.068475641,0.0027595899,0.0016201361,588.26588
7,0.0061298094,0.71492127,-0.0986163,0.71080147,-0.11226399,1.0226606e-18,3.6150354e-06,5.4174667e-06,5531470.8,True,True,2.0282229e+08,3.9206627e-15,2.0282229e+08,0.34972767,26.509204,0.070059669,0.070059669,0.0018216717,0.0023251859,585.34457
8,0.0066298094,0.71492127,-0.0986163,0.72080147,-0.13226399,1.9052906e-05,7.8763091e-06,9.8116571e-06,5492905.8,True,True,2.0282198e+08,3.6748537e-15,2.0282198e+08,0.36279259,25.780461,0.072053737,0.072053737,0.0015074528,0.00084258077,582.86541
9,0.0072592721,0.74918744,-0.10941598,0.74080147,-0.14226399,4.6136569e-15,1.6437039e-05,1.7469265e-05,5435601.2,True,True,2.0282144e+08,3.252302e-15,2.0282144e+08,0.378748,24.95472,0.074430933,0.074430933,0.0019262671,0.0017947956,579.12578
10,0.0077592721,0.74918744,-0.10941598,0.75080147,-0.14226399,6.2710182e-06,8.7918259e-06,9.0419078e-06,5399263.5,True,True,2.028209e+08,2.8282856e-15,2.028209e+08,0.39106598,24.339432,0.076310267,0.076310267,0.0026020811,0.002442894,576.82856
11,0.0083887348,0.74918744,-0.10941598,0.76080147,-0.15226399,3.5983399e-05,8.0810041e-06,8.0922273e-06,5357779.3,True,True,2.0282007e+08,2.185217e-15,2.0282007e+08,0.40615553,23.634847,0.07857071,0.07857071,0.0014420571,0.0016825286,574.17982
12,0.0091811814,0.79020627,-0.10978458,0.78080147,-0.14226399,3.2507645e-14,1.4394868e-05,1.6384004e-05,5291487,True,True,2.0281881e+08,1.2059161e-15,2.0281881e+08,0.42455473,22.841127,0.081269226,0.081269226,0.0034218059,0.0031267874,569.99585
13,0.0098106441,0.79020627,-0.10978458,0.78080147,-0.14226399,7.9493155e-07,1.4968037e-05,3.9417135e-05,5253587.5,True,True,2.0281764e+08,2.9613318e-16,2.0281764e+08,0.43874004,22.252,0.083421324,0.083421324,0.0019481627,0.0026335153,567.5696
14,0.010603091,0.79020627,-0.10978458,0.79080147,-0.14226399,5.7247007e-06,7.2922742e-06,7.4744181e-06,5210689.1,True,True,2.0281594e+08,-1.0112936e-15,2.0281594e+08,0.45609536,21.579335,0.08601328,0.08601328,0.0016938489,0.0029470368,564.78453
15,0.011232553,0.79020627,-0.10978458,0.79080147,-0.14226399,1.0472593e-05,7.8752577e-06,2.4399172e-05,5179279.2,True,True,2.0281443e+08,-2.1756414e-15,2.0281443e+08,0.46951506,21.075889,0.087989842,0.087989842,0.0012985301,0.0015662137,562.71359
16,0.012025,0.79020627,-0.10978458,0.80080147,-0.14226399,2.1352647e-05,3.0292686e-06,3.1563376e-06,5143304.6,True,True,2.0281232e+08,-3.7958988e-15,2.0281232e+08,0.48597855,20.497735,0.090383699,0.090383699,0.0014160083,0.0020725955,560.31541
17,0.013022631,0.79020627,-0.10978458,0.80080147,-0.14226399,4.5648093e-05,7.3775725e-06,9.4133047e-05,5102719.7,True,True,2.0280935e+08,-6.0735628e-15,2.0280935e+08,0.50608656,19.843748,0.093263377,0.093263377,0.0025845146,0.0016095563,557.57606
18,0.013815078,0.79020627,-0.10978458,0.81080147,-0.15226399,6.554511e-05,2.9290915e-06,8.8711581e-06,5072983.5,True,True,2.0280673e+08,-8.0659024e-15,2.0280673e+08,0.5216124,19.357554,0.095457719,0.095457719,0.0014977708,0.0011885397,555.54339
19,0.014812709,0.84191165,-0.08760431,0.83080147,-0.13226399,2.8173156e-16,1.822773e-05,2.4197638e-05,5010373.6,True,True,2.0280314e+08,-1.0796731e-14,2.0280314e+08,0.5406361,18.802713,0.098112879,0.098112879,0.00075507943,-0.00032781533,551.65239
20,0.016068652,0.84191165,-0.08760431,0.83080147,-0.13226399,1.549556e-06,2.0193138e-05,9.3731825e-05,4966008.7,True,True,2.0279815e+08,-1.4573756e-14,2.0279815e+08,0.56384076,18.178675,0.10151301,0.10151301,0.0012515302,0.0012866636,548.66204
21,0.017066283,0.84191165,-0.08760431,0.82080147,-0.11226399,6.2009496e-06,1.1160281e-05,1.3814785e-05,4933205.7,True,True,2.0279382e+08,-1.7831691e-14,2.0279382e+08,0.58173521,17.711794,0.10410681,0.10410681,-3.7071857e-05,0.0020072046,546.43082
22,0.018322227,0.84191165,-0.08760431,0.82080147,-0.11226399,1.2157308e-05,1.1020923e-05,2.3650837e-05,4895272.2,True,True,2.0278794e+08,-2.2241858e-14,2.0278794e+08,0.60363096,17.17796,0.10724691,0.10724691,0.0016958647,0.00162603,543.84011
23,0.019903365,0.84191165,-0.08760431,0.82080147,-0.11226399,1.5640014e-05,1.1607225e-05,5.2862811e-05,4851829.6,True,True,2.0277987e+08,-2.8255768e-14,2.0277987e+08,0.63029298,16.576448,0.11102282,0.11102282,-1.6977396e-05,0.0021594095,540.86524
24,0.021159309,0.84191165,-0.08760431,0.82080147,-0.092263989,1.9924382e-05,3.4357971e-06,1.2419894e-05,4819392.6,True,True,2.0277296e+08,-3.3376433e-14,2.0277296e+08,0.65082128,16.129664,0.1139025,0.1139025,0.001478214,0.001762317,538.64048
25,0.022740447,0.84191165,-0.08760431,0.82080147,-0.092263989,1.8650045e-05,3.2321508e-06,1.1403007e-05,4781483.2,True,True,2.0276365e+08,-4.0224059e-14,2.0276365e+08,0.67590559,15.621452,0.11738634,0.11738634,0.0017322131,0.00095859967,536.0489
26,0.024730983,0.84191165,-0.08760431,0.82080147,-0.092263989,8.372782e-06,3.2359816e-06,1.6174444e-05,4737372.1,True,True,2.0275103e+08,-4.9425788e-14,2.0275103e+08,0.70640551,15.051718,0.12157252,0.12157252,0.0003114478,0.002325921,533.05555
27,0.026312122,0.78951685,-0.21231971,0.82080147,-0.11226399,5.9895967e-20,6.2289131e-05,6.791399e-05,4754631.1,True,True,2.0274035e+08,-5.7150249e-14,2.0274035e+08,0.72985867,14.629991,0.12476422,0.12476422,0.0011544623,0.0016246335,533.12697
28,0.028302658,0.85310165,-0.12830129,0.84080147,-0.13226399,7.6513862e-16,4.673641e-06,0.00010852318,4678261.1,True,True,2.0272612e+08,-6.733464e-14,2.0272612e+08,0.75848349,14.151534,0.12838252,0.12838252,0.00066901391,0.0010929056,528.68984
29,0.029883797,0.85310165,-0.12830129,0.86080147,-0.13226399,1.8263914e-06,1.2115971e-07,2.1590303e-06,4646935.3,True,True,2.0271425e+08,-7.574338e-14,2.0271425e+08,0.780571,13.798587,0.13137562,0.13137562,0.0010691784,0.0031397422,526.64002
30,0.031874333,0.85310165,-0.12830129,0.86080147,-0.13226399,1.0727188e-05,2.9402375e-06,9.3959031e-05,4610225.6,True,True,2.0269866e+08,-8.6668022e-14,2.0269866e+08,0.80761807,13.392486,0.13501261,0.13501261,0.0012214157,0.00095749374,524.23569
31,0.034380269,0.85310165,-0.12830129,0.88080147,-0.14226399,3.0307755e-05,6.6454026e-07,6.6477441e-07,4568039,True,True,2.0267812e+08,-1.0084912e-13,2.0267812e+08,0.84057535,12.931288,0.13940391,0.13940391,0.0018639314,0.0018987826,521.45748
32,0.036370805,0.85310165,-0.12830129,0.88080147,-0.14226399,4.6859881e-05,2.7327084e-06,7.7659318e-05,4536767,True,True,2.0266116e+08,-1.1236099e-13,2.0266116e+08,0.86596173,12.587115,0.14276751,0.14276751,0.00025645457,0.0011775582,519.38033
33,0.038876741,0.85310165,-0.12830129,0.90080147,-0.14226399,7.4344227e-05,3.6120427e-06,6.9486394e-06,4500622.6,True,True,2.0263915e+08,-1.2703954e-13,2.0263915e+08,0.89699006,12.192009,0.14684916,0.14684916,0.00086870231,0.0023059449,516.96219
34,0.042031528,0.93294974,-0.11731397,0.92080147,-0.14226399,2.2357287e-14,3.8429001e-06,6.2312963e-06,4438031.5,True,True,2.026106e+08,-1.4559604e-13,2.026106e+08,0.93471499,11.744046,0.15176977,0.15176977,0.00097232843,0.00065655256,512.8006
35,0.044537464,0.93294974,-0.11731397,0.90080147,-0.12226399,1.4697232e-05,3.8304542e-06,5.6584086e-06,4401553.6,True,True,2.0258745e+08,-1.6021308e-13,2.0258745e+08,0.96371231,11.409916,0.15589172,0.15589172,0.0015824989,0.0010607277,510.38797
36,0.04769225,0.93294974,-0.11731397,0.88080147,-0.10226399,7.4487952e-05,4.043542e-06,1.6431644e-05,4359478.1,True,True,2.0255796e+08,-1.7820963e-13,2.0255796e+08,0.99907301,11.022253,0.16089812,0.16089812,0.00048637213,-0.0011703667,507.5752
37,0.051663892,0.84503424,-0.097057179,0.86080147,-0.082263989,1.5803062e-14,3.0076275e-06,3.7611031e-05,4327672.7,True,True,2.0252075e+08,-1.9978995e-13,2.0252075e+08,1.0419946,10.627,0.16695595,0.16695595,0.00081738752,0.00066211742,505.60724
38,0.054818678,0.84503424,-0.097057179,0.88080147,-0.082263989,1.303933e-05,5.9198078e-06,9.7742061e-06,4301910.7,True,True,2.0249149e+08,-2.1570933e-13,2.0249149e+08,1.0751071,10.381349,0.17118145,0.17118145,0.0010768774,0.0013594151,503.81312
39,0.05879032,0.89789534,-0.14243338,0.90080147,-0.10226399,4.3753436e-17,1.1543615e-05,0.00038341459,4271772.6,True,True,2.0245554e+08,-2.3371187e-13,2.0245554e+08,1.1158312,10.145791,0.17632662,0.17632662,0.00049859357,0.00090345128,501.46138
40,0.06379032,0.89789534,-0.14243338,0.92080147,-0.12226399,3.1534015e-05,2.3381603e-05,0.00099847767,4235313.6,True,True,2.024126e+08,-2.52279e-13,2.024126e+08,1.165957,9.9279954,0.18294708,0.18294708,0.0013917476,0.0012784547,499.03725
41,0.070084947,1.0624491,-0.11407822,0.94080147,-0.14226399,1.1274893e-16,0.00015481589,0.0056705816,4160713.8,False,True,2.0236397e+08,-2.6743385e-13,2.0236397e+08,1.2277408,9.7305914,0.19093555,0.19093555,0.00091542787,0.0011370836,494.08494
42,0.075084947,1.0624491,-0.11407822,0.96080147,-0.16226399,1.0125306e-05,5.3070937e-05,0.00069121151,4119280,True,True,2.0233115e+08,-2.7147846e-13,2.0233115e+08,1.2760314,9.6000509,0.19811518,0.19811518,0.0011392999,0.0003691811,491.46436
43,0.081379574,1.0624491,-0.11407822,0.98080147,-0.16226399,1.8940572e-05,2.8474228e-05,3.0237892e-05,4072119,True,True,2.0229921e+08,-2.6451767e-13,2.0229921e+08,1.3359789,9.4660279,0.20687091,0.20687091,0.00077814353,0.00096097494,488.48699
44,0.08930404,1.0624491,-0.11407822,1,-0.17226399,3.4609202e-06,2.2613847e-05,2.26423e-05,4018548.4,True,True,2.0227737e+08,-2.3320681e-13,2.0227737e+08,1.4103654,9.3323253,0.21750141,0.21750141,0.0013886155,0.00098247098,485.12972
45,0.099280351,1.0124397,-0.28825281,1,-0.19226399,2.3744643e-14,6.3546347e-05,0.002686666,3990468.3,True,True,2.0228608e+08,-1.5117814e-13,2.0228608e+08,1.5026707,9.203831,0.23035391,0.23035391,0.0023447686,0.00032786041,482.96945
46,0.10720482,1.2464165,-0.16508635,1,-0.21226399,7.9262613e-18,0.00050034407,0.017747745,3898655.8,False,True,2.0232774e+08,-4.6344857e-14,2.0232774e+08,1.5751394,9.1030015,0.23969287,0.23969287,0.00082311075,0.0011524903,477.22775
47,0.11718113,1.2464165,-0.16508635,1,-0.23226399,2.8635653e-05,0.00029309903,0.0074594527,3829834,False,True,2.0243105e+08,1.4102733e-13,2.0243105e+08,1.6653821,9.0108491,0.25364926,0.25364926,0.00089825306,0.0015510463,473.06181
48,0.12974056,1.1345207,-0.16380835,1,-0.25226399,5.0689025e-18,0.0001148762,0.0024535446,3770839.3,False,True,2.0263865e+08,4.365329e-13,2.0263865e+08,1.777729,8.9096398,0.27070349,0.27070349,0.0006713122,0.0025327701,469.62899
49,0.14555195,1.2511005,-0.1768891,1,-0.27226399,8.8501513e-17,0.00043349055,0.012212613,3695561.2,False,True,2.0300411e+08,8.1574983e-13,2.0300411e+08,1.9174535,8.8035677,0.28966924,0.28966924,0.00065699014,0.00044202042,464.5635
50,0.15811138,1.2511005,-0.1768891,1,-0.29226399,3.552404e-06,0.00034823806,0.0082003281,3643443.6,False,True,2.0336104e+08,1.0484347e-12,2.0336104e+08,2.027339,8.7162292,0.30560096,0.30560096,0.0019945031,0.0018778048,461.17244
51,0.17392277,1.2511005,-0.1768891,1,-0.31226399,6.4200784e-06,0.0003118053,0.0062687534,3586851.8,False,True,2.0387248e+08,1.154175e-12,2.0387248e+08,2.1642504,8.6304207,0.32516921,0.32516921,0.00065401829,0.0033013779,457.43586
52,0.19382813,1.2511005,-0.1768891,1,-0.33226399,6.1750399e-09,0.00036151331,0.0076185375,3525823.9,False,True,2.0457697e+08,8.1586488e-13,2.0457697e+08,2.3348893,8.5522499,0.34913431,0.34913431,0.0018502773,0.0015635547,453.36672
53,0.21888749,1.5006204,-0.076058648,1,-0.35226399,3.6391139e-15,0.0010388258,0.016814107,3422311.5,False,True,2.0548538e+08,-6.8912266e-13,2.0548538e+08,2.5478144,8.4900823,0.37838518,0.37838518,0.001009878,-0.0006887787,446.36287
54,0.23879285,1.1707001,-0.20827059,1,-0.37226399,1.2295872e-14,0.00015094254,0.00203373,3398640.5,False,True,2.0618452e+08,-2.511021e-12,2.0618452e+08,2.7159075,8.4256155,0.40505912,0.40505912,0.0020220922,0.00068192733,445.08832
55,0.26385221,1.4697971,-0.23981923,1,-0.39226399,2.6747762e-16,0.0013141961,0.03225875,3324358.9,False,True,2.0703212e+08,-4.2128813e-12,2.0703212e+08,2.9256877,8.3528225,0.43116761,0.43116761,0.00050818581,0.00041512922,439.67212
56,0.29540008,1.4697971,-0.23981923,1,-0.41226399,1.6295131e-05,0.0010281017,0.022117946,3237782.3,False,True,2.0804822e+08,-2.8521518e-12,2.0804822e+08,3.1880175,8.3239235,0.47063049,0.47063049,0.00040516539,0.00085705024,434.12805
57,0.33511649,1.5724764,-0.061802126,1,-0.43226399,3.633262e-16,0.0012257042,0.016376354,3124919.5,False,True,2.0924987e+08,8.1250168e-12,2.0924987e+08,3.5168985,8.2977963,0.51921009,0.51921009,0.00067467852,0.00068629225,426.82533
58,0.36666436,1.2053031,-0.24798121,1,-0.45226399,2.4562447e-16,0.00020285701,0.0026107728,3106738.5,False,True,2.1016155e+08,1.6031364e-11,2.1016155e+08,3.777201,8.2370722,0.55933823,0.55933823,0.00082509347,0.0015121982,425.7136
59,0.40638077,1.675204,-0.1583542,1,-0.47226399,2.1453713e-15,0.0019751681,0.035971195,3023288.8,False,True,2.1129582e+08,3.2471912e-12,2.1129582e+08,4.1023363,8.1794014,0.59845033,0.59845033,0.00012257817,-0.00047164823,419.28815
60,0.43792864,1.4083803,-0.13349868,1,-0.49226399,4.6980846e-17,0.00071004477,0.0088807433,2986122.8,False,True,2.1221222e+08,-3.3934292e-11,2.1221222e+08,4.3595205,8.1485104,0.63948772,0.63948772,-6.0824207e-05,-0.00011437216,417.09113
61,0.47764505,1.4083803,-0.13349868,1,-0.51226399,4.8149145e-05,0.00099165325,0.016134287,2941943.6,False,True,2.133839e+08,-5.9607608e-11,2.133839e+08,4.6818395,8.1148893,0.68326004,0.68326004,0.00021681707,0.0016025578,413.91229
62,0.52764505,1.4686748,-0.4418262,1,-0.53226399,7.651686e-15,0.0015705966,0.035898576,2908744.1,False,True,2.1486024e+08,7.6860017e-11,2.1486024e+08,5.0864993,8.1145359,0.73777502,0.73777502,0.00073999277,0.0017249822,411.00041
63,0.57764505,2.0824954,-0.16403889,1,-0.55226399,4.2989697e-15,0.0038928955,0.060152898,2786961.8,False,True,2.163394e+08,2.2245928e-10,2.163394e+08,5.4915546,8.1243579,0.79360836,0.79360836,0.00071122011,0.0013733183,402.19939
64,0.62764505,1.2751278,-0.095526164,1,-0.57226399,9.8857862e-16,0.00037845681,0.00081369575,2747390,False,True,2.1787233e+08,-2.8684569e-10,2.1787233e+08,5.8973261,8.1382557,0.87039603,0.87039603,0.0017720396,0.0022584125,400.89341
65,0.67764505,1.4263546,-0.35562496,1,-0.59226399,4.3953744e-15,0.0010123027,0.018679755,2726482.5,False,True,2.1941983e+08,-8.3022951e-10,2.1941983e+08,6.3025025,8.0972769,0.91997894,0.91997894,0.0014200521,0.0043953926,398.72792
66,0.72764505,1.7698626,-0.14756626,1,-0.61226399,5.3125238e-15,0.0025128973,0.037250663,2654940.4,False,True,2.2080736e+08,1.0705227e-09,2.2080736e+08,6.7065685,8.0898776,0.97367604,0.97367604,4.8250532e-05,0.0018879472,393.4295
67,0.77764505,1.5237703,-0.2015594,1,-0.63226399,1.9863216e-15,0.0012530347,0.016908649,2628019.3,False,True,2.2204279e+08,3.0984588e-09,2.2204279e+08,7.1107056,8.097195,1.0380694,1.0380694,0.001780627,0.0016130675,391.70956
68,0.82764505,1.5237703,-0.2015594,1,-0.65226399,1.8358878e-05,0.0014870614,0.021657755,2597717.1,False,True,2.2341418e+08,-3.9952453e-09,2.2341418e+08,7.5149952,8.093825,1.0947919,1.0947919,0.002087911,0.0029197708,389.42309
69,0.87764505,1.5237703,-0.2015594,1,-0.67226399,6.1667529e-05,0.001706799,0.025830192,2570172.2,False,True,2.2499396e+08,-1.1563606e-08,2.2499396e+08,7.9193677,8.0984669,1.1519262,1.1519262,0.00079208049,0.0024438153,387.33272
70,0.92764505,1.7032878,-0.20189406,1,-0.69226399,2.2846293e-15,0.002282217,0.032033752,2532951.5,False,True,2.2650702e+08,1.4910458e-08,2.2650702e+08,8.3241906,8.1101254,1.2087045,1.2087045,0.00065672169,0.0018017729,384.31108
71,0.97764505,1.7032878,-0.20189406,1,-0.71226399,1.7546302e-05,0.0019887492,0.024692825,2501627.9,False,True,2.2781957e+08,4.3155963e-08,2.2781957e+08,8.7297885,8.1280133,1.2706823,1.2706823,0.00064955834,0.00063680687,381.97553
72,1.027645,1.7032878,-0.20189406,1,-0.73226399,4.4583867e-05,0.0018344584,0.020521867,2471531.1,False,True,2.2904715e+08,-5.5646588e-08,2.2904715e+08,9.1362503,8.1435023,1.3331339,1.3331339,0.00041339764,0.0051417796,379.74538
73,1.077645,1.7032878,-0.20189406,1,-0.75226399,6.0907206e-05,0.001764237,0.018215207,2442016.2,False,True,2.3033107e+08,-1.6106025e-07,2.3033107e+08,9.5434806,8.1576968,1.3964676,1.3964676,0.00061313612,0.0011819602,377.58892
74,1.127645,1.507761,-0.32182988,1,-0.77226399,7.8700598e-19,0.0012792942,0.016265107,2432163.4,False,True,2.3181763e+08,2.076759e-07,2.3181763e+08,9.9514299,8.171328,1.460106,1.460106,0.0017864216,0.00071874998,377.00463
75,1.177645,1.6628784,-0.25529301,1,-0.79226399,1.0520523e-15,0.0020877613,0.026224855,2397456.4,False,True,2.3346853e+08,6.0108503e-07,2.3346853e+08,10.36008,8.1849058,1.5176328,1.5176328,0.00028000041,0.0022778978,374.37269
76,1.227645,1.6628784,-0.25529301,1,-0.81226399,2.5297044e-06,0.0021947416,0.027491315,2372375.7,False,True,2.3497793e+08,-7.7505699e-07,2.3497793e+08,10.769591,8.2049693,1.5807888,1.5807888,0.0015208863,0.0017466372,372.57661
77,1.277645,1.6628784,-0.25529301,1,-0.83226399,1.5782224e-05,0.0023737841,0.030131492,2348934,False,True,2.362903e+08,-2.2432799e-06,2.362903e+08,11.18015,8.2261411,1.644933,1.644933,0.00016874454,0.0027261106,370.88732
78,1.327645,1.6628784,-0.25529301,1,-0.85226399,3.3113754e-05,0.0025138567,0.031928793,2327207.7,False,True,2.3774504e+08,2.8925521e-06,2.3774504e+08,11.591811,8.2485124,1.7091113,1.7091113,0.0013309702,0.0018455045,369.3036
79,1.377645,1.6628784,-0.25529301,1,-0.87226399,4.0567344e-05,0.0025645251,0.031957313,2307201.5,False,True,2.3943124e+08,8.3720344e-06,2.3943124e+08,12.004635,8.2721094,1.7729018,1.7729018,0.0003330711,-0.00086375533,367.823
80,1.427645,1.6628784,-0.25529301,1,-0.89226399,5.0919567e-05,0.0026353834,0.032352043,2288712.2,False,True,2.4102694e+08,-1.0795151e-05,2.4102694e+08,12.418682,8.2969207,1.8369416,1.8369416,0.0003322093,-3.5024493e-05,366.436
81,1.477645,1.8241186,-0.2086713,1,-0.91226399,5.4043014e-18,0.0031682017,0.034350665,2259324.5,False,True,2.4240563e+08,-3.1244858e-05,2.4240563e+08,12.83401,8.3229572,1.9015533,1.9015533,0.00063240948,0.001538193,364.07544
82,1.527645,1.8241186,-0.2086713,1,-0.93226399,1.9467625e-05,0.0028423848,0.027276766,2239387.1,False,True,2.4377421e+08,4.0288053e-05,2.4377421e+08,13.250681,8.3502192,1.9715573,1.9715573,0.002039247,0.0014802608,362.55454
83,1.577645,1.8241186,-0.2086713,1,-0.95226399,8.3582877e-05,0.00254252,0.020804813,2220649.9,False,True,2.4520761e+08,0.0001166074,2.4520761e+08,13.668672,8.375455,2.0420572,2.0420572,0.00040602133,0.0025346387,361.10731
84,1.627645,1.6361967,-0.20085978,1,-0.97226399,6.8096826e-16,0.0019495517,0.015360106,2213314.8,False,True,2.4654863e+08,-0.00015035706,2.4654863e+08,14.087894,8.3990913,2.1139953,2.1139953,0.0015351658,0.0012457885,360.75621
85,1.677645,1.6361967,-0.20085978,1,-0.99226399,7.5514449e-06,0.0021352403,0.018022682,2200425,False,True,2.4770635e+08,-0.00043518473,2.4770635e+08,14.508273,8.4214701,2.1812917,2.1812917,0.00050377359,0.0017041839,359.73549
86,1.727645,1.6361967,-0.20085978,1,-1,3.8906958e-05,0.0023869802,0.022101262,2188196.3,False,True,2.4871776e+08,0.00056114019,2.4871776e+08,14.929833,8.4460183,2.2482225,2.2482225,0.00060911121,0.0016147871,358.76251
87,1.777645,1.6361967,-0.20085978,1,-1,9.4033758e-05,0.0026684207,0.026764612,2176545.5,False,True,2.4977447e+08,0.0016241315,2.4977447e+08,15.352675,8.4725265,2.3145845,2.3145845,-0.00023152463,0.001577766,357.83225
88,1.827645,1.7567843,-0.25675066,1,-1,1.0398663e-14,0.0029806492,0.029718318,2161498.7,False,True,2.5126506e+08,-0.0020942037,2.5126506e+08,15.776894,8.500817,2.3826087,2.3826087,0.0016913429,0.0021180284,356.43329
89,1.877645,1.7567843,-0.25675066,1,-1,1.9497083e-06,0.0029004782,0.028036734,2148250.2,False,True,2.5277044e+08,-0.0060613414,2.5277044e+08,16.202574,8.5307633,2.4553575,2.4553575,0.00073650754,0.0042845121,355.39582
90,1.927645,1.7567843,-0.25675066,1,-1,1.6221852e-05,0.0034064531,0.035995143,2135605.9,False,True,2.5267077e+08,0.0078156746,2.5267077e+08,16.629753,8.5605818,2.5229895,2.5229895,0.0012309734,0.0019579514,354.39239
91,1.977645,1.9656865,-0.35820419,1,-1,3.1822578e-14,0.0055325842,0.065400577,2117445.9,False,True,2.499107e+08,0.022621234,2.499107e+08,17.058427,8.5903493,2.5817327,2.5817327,0.0007972896,-0.00036322307,352.56293
92,2.027645,2.1715477,-0.49764169,1,-1,2.4679546e-16,0.0093385317,0.11782345,2098269.4,False,True,2.4442764e+08,-0.029168495,2.4442764e+08,17.488593,8.6201315,2.6390809,2.6390809,0.00030299572,0.0032492642,350.59811
93,2.077645,2.4210268,-0.62249211,1,-1,1.2631835e-15,0.015284519,0.19234932,2072520.7,False,True,2.3724583e+08,-0.084423594,2.3724583e+08,17.920192,8.6474586,2.6982314,2.6982314,0.0004591075,0.00059382787,348.08329
94,2.127645,2.616642,-0.67661838,1,-1,3.3226546e-14,0.020427376,0.25037051,2041473,False,True,2.3084259e+08,0.1088583,2.3084259e+08,18.353047,8.6703066,2.7673178,2.7673178,-0.00035715225,0.0030753078,345.33262
95,2.177645,2.616642,-0.67661838,1,-1,2.9027011e-05,0.022200161,0.26974431,2014944,False,True,2.2617603e+08,0.31507314,2.2617603e+08,18.786884,8.6865483,2.8478581,2.8478581,0.00066696485,0.00420678,343.28162
96,2.227645,2.8084077,-0.66683801,1,-1,1.2382294e-16,0.024373135,0.28669872,1977801,False,True,2.2181349e+08,-0.40626472,2.2181349e+08,19.22134,8.6950126,2.9299654,2.9299654,0.00098766137,0.0046662667,340.14568
97,2.277645,2.8084077,-0.66683801,1,-1,9.4391033e-07,0.02494741,0.29161251,1949732.8,False,True,2.1713647e+08,-1.175869,2.1713647e+08,19.656053,8.6966742,3.0185504,3.0185504,0.00058360249,0.00070315995,337.94142
98,2.327645,2.8084077,-0.66683801,1,-1,4.4458898e-08,0.024808602,0.28888923,1922638.7,False,True,2.1299458e+08,1.5162006,2.1299459e+08,20.090658,8.6906114,3.1104365,3.1104365,0.0012334438,0.0022264792,335.78961
99,2.377645,2.8084077,-0.66683801,1,-1,2.2563184e-05,0.023502736,0.27291777,1896548.1,False,True,2.0964726e+08,4.3884028,2.0964726e+08,20.524794,8.6777898,3.206582,3.206582,0.001143438,0.0043226811,333.69262
100,2.427645,2.8084077,-0.66683801,1,-1,8.8348662e-05,0.022218817,0.25720198,1871627.6,False,True,2.0632431e+08,-5.6585376,2.0632431e+08,20.958144,8.6590415,3.3037001,3.3037001,0.00030599555,0.003439378,331.65563
101,2.477645,2.8187939,-0.52591725,1,-1,2.2999957e-18,0.02170683,0.24483286,1840023.8,False,True,2.028666e+08,-16.377742,2.0286658e+08,21.390428,8.6350836,3.400768,3.400768,0.00088176246,0.0013976782,329.21878
102,2.527645,2.8187939,-0.52591725,1,-1,6.0386182e-05,0.019583609,0.21901145,1817106.9,False,True,2.0012337e+08,21.11795,2.001234e+08,21.821403,8.6065399,3.5015884,3.5015884,0.00074405587,-0.0035755374,327.28325
103,2.577645,2.5757262,-0.40058993,1,-1,7.5941297e-11,0.015906151,0.17852751,1801556.1,False,True,1.9832392e+08,61.122566,1.9832398e+08,22.25085,8.5738739,3.6075119,3.6075119,0.00074776825,0.00036557353,326.39645
104,2.627645,2.5757262,-0.40058993,1,-1,6.719603e-05,0.014046946,0.15472645,1783046,False,True,1.9667732e+08,-78.813262,1.9667724e+08,22.678575,8.5376231,3.7079398,3.7079398,0.00036198364,-0.00012026599,324.78806
105,2.677645,2.3502221,-0.34156465,1,-1,9.0457677e-15,0.011842455,0.13304142,1773931.4,False,True,1.949554e+08,-228.11252,1.9495518e+08,23.104478,8.5021219,3.8110269,3.8110269,0.00031716414,0.0021641602,324.29213
106,2.727645,2.3502221,-0.34156465,1,-1,1.6279699e-05,0.011136778,0.1227246,1759709.5,False,True,1.9387382e+08,294.1351,1.9387412e+08,23.529323,8.5109118,3.9118475,3.9118475,0.00050386141,0.00055253183,323.0754
107,2.777645,2.3502221,-0.34156465,1,-1,8.8575998e-05,0.010356013,0.10951717,1747176.9,False,True,1.9392335e+08,851.32752,1.939242e+08,23.957105,8.6096048,4.0238734,4.0238734,0.0002454079,0.0018418619,322.09627
108,2.827645,2.1475174,-0.25224227,1,-1,1.2146235e-14,0.0084873111,0.086814267,1740811.3,False,True,1.9511613e+08,-1097.7271,1.9511503e+08,24.390407,8.725466,4.1538846,4.1538846,0.00052532605,0.0024489524,322.015
109,2.877645,2.1475174,-0.25224227,1,-1,2.545971e-07,0.0087189217,0.087008764,1731260.6,False,True,1.9554928e+08,-3177.1976,1.955461e+08,24.829613,8.8455245,4.2726973,4.2726973,0.00062927503,0.00068606518,321.31145
110,2.927645,2.362259,-0.50739045,1,-1,5.1805602e-16,0.014930066,0.15685129,1725451.3,False,True,1.9076305e+08,4096.7734,1.9076715e+08,25.274942,8.9702769,4.3236655,4.3236655,0.00072740889,0.0021540958,320.25238
111,2.977645,2.5321482,-0.55850958,1,-1,1.687164e-15,0.019975221,0.20596764,1710499.5,False,True,1.8698763e+08,11857.463,1.8699949e+08,25.726622,9.0995035,4.3869966,4.3869966,0.00055543308,0.0013661863,318.74038
112,3.027645,1.6544187,0.31964883,1,-1,1.323702e-15,0.0028823829,0.0055428362,1694457.7,False,True,2.0613659e+08,-15289.367,2.061213e+08,26.184848,9.2320583,4.7494116,4.7494116,0.00025364582,-0.00069064508,319.88285
113,3.077645,-0.28692898,1.7546106,0.98,-0.98,1.5972558e-15,0.027698343,0.59403901,1703402.4,False,True,2.5203063e+08,-44252.653,2.5198638e+08,26.649767,9.3671494,5.3864509,5.3864509,0.001960186,0.00085367831,324.97904
114,3.127645,-1.8991361,2.3078646,0.96,-0.96,1.409683e-18,0.066986526,1.812956,1751959.2,False,True,3.0017158e+08,57060.693,3.0022864e+08,27.121617,9.5094279,5.9177902,5.9177902,0.00051142308,0.0011383733,331.67644
115,3.177645,-2.4447163,1.8156049,0.94,-0.94,3.4875785e-14,0.076111066,1.9987046,1816596.7,False,True,3.3380464e+08,165153.15,3.339698e+08,27.601031,9.6710083,6.1875485,6.1875485,-0.1077071,0.001022161,337.47608
116,3.227645,-2.0973922,0.99200011,0.92,-0.92,6.1325034e-16,0.059673858,1.3267781,1868494.4,False,True,3.5098445e+08,-212953.41,3.5077149e+08,28.089129,9.8573107,6.2538284,6.2538284,-0.61781555,0.0022069541,340.99409
117,3.277645,-1.2633849,0.29415146,0.9,-0.9,3.0535004e-15,0.033472637,0.59947272,1897208.1,False,True,3.5402282e+08,-616359.95,3.5340646e+08,28.587194,10.069582,6.2006531,6.2006531,-0.45155613,0.001574907,342.10418
118,3.327645,-0.38969404,-0.097316186,0.88,-0.88,9.422867e-15,0.01326389,0.19497976,1905721.4,False,True,3.4974091e+08,794752.93,3.5053566e+08,29.096482,10.305618,6.1253211,6.1253211,-0.012104318,0.0012065759,341.66921
119,3.377645,0.35922527,-0.29785743,0.86,-0.86,1.0540147e-16,0.0027606524,0.034295201,1902934.5,False,True,3.4444739e+08,2300286.6,3.4674768e+08,29.618084,10.561417,6.0814241,6.0814241,0.0010268662,-0.00024150927,340.56891
120,3.427645,1.0540247,-0.49798613,0.88,-0.88,1.7462689e-15,0.00021472728,0.00067051944,1894544,False,True,3.4308027e+08,-2966058.3,3.4011421e+08,30.152902,10.834014,6.085004,6.085004,0.0014620913,0.0023038125,339.07249
121,3.477645,1.5323094,-0.52216079,0.9,-0.9,2.8343015e-14,0.0028282965,0.022412216,1880781.8,False,True,3.4610175e+08,-8584786.6,3.3751696e+08,30.701688,11.120158,6.1452004,6.1452004,0.00011846544,0.0022074141,337.57301
122,3.527645,1.2972273,0.086796696,0.92,-0.92,1.6483269e-14,0.0011932569,0.0020310398,1866661.6,False,True,3.4760648e+08,11637881,3.5924436e+08,31.265017,11.41574,6.2519086,6.2519086,0.0012803586,0.0003382625,337.51204
123,3.577645,0.34649074,1.1199319,0.9,-0.9,9.7096004e-15,0.007816762,0.079632851,1868958.1,False,True,3.4462643e+08,64064256,4.0869069e+08,31.843288,11.717812,6.3661862,6.3661862,0.00088403285,0.00016647024,339.94377
124,3.627645,-0.59139908,1.735147,0.88,-0.88,4.076347e-14,0.022539621,0.28876339,1898210.3,False,True,3.3924801e+08,1.2363101e+08,4.6287901e+08,32.436857,12.027666,6.439206,6.439206,0.0024797638,0.0012431376,343.96897
125,3.677645,-0.94640091,1.5865668,0.86,-0.86,1.2647314e-15,0.026639896,0.34554328,1943607.8,False,True,3.3266035e+08,1.6951312e+08,5.0217347e+08,33.046278,12.352387,6.4466516,6.4466516,0.00064285765,0.0013622219,347.90046
126,3.727645,-0.5368392,0.8438616,0.84,-0.84,1.8292658e-17,0.0155175,0.17676992,1985532.1,False,True,3.2413386e+08,1.910555e+08,5.1518936e+08,33.67243,12.697261,6.379216,6.379216,0.00020866465,0.00021413281,350.25236
127,3.777645,0.43272191,-0.06083214,0.82,-0.82,9.587933e-15,0.0018523262,0.016421144,2008006,False,True,3.1276731e+08,1.897826e+08,5.0254991e+08,34.316341,13.062403,6.2574302,6.2574302,0.0019210203,0.0015326248,350.30964
128,3.827645,1.464821,-0.65643117,0.84,-0.84,9.1953813e-17,0.0027269075,0.01804263,2006389.5,False,True,2.976725e+08,1.8379799e+08,4.8147049e+08,34.978966,13.44547,6.1276203,6.1276203,0.0010069513,0.0014060613,348.58064
129,3.877645,2.2915169,-0.90252097,0.86,-0.86,1.4202896e-17,0.017187964,0.1023039,1989185,False,True,2.8002703e+08,1.8375303e+08,4.6378006e+08,35.661074,13.841738,6.0203467,6.0203467,0.0019367917,0.00065762248,346.10061
130,3.927645,2.893441,-0.96465698,0.88,-0.88,1.8448529e-15,0.036600071,0.19320435,1966035.8,False,True,2.6401815e+08,1.8737301e+08,4.5139117e+08,36.363153,14.244249,5.9617347,5.9617347,0.0020905853,0.0054690158,343.58275
131,3.977645,3.3023385,-0.93860813,0.9,-0.9,4.1268648e-17,0.05372455,0.25941298,1941892.3,False,True,2.5235888e+08,1.9191529e+08,4.4427417e+08,37.08537,14.64724,5.9653863,5.9653863,0.00099387171,0.0054175027,341.33997
132,4,3.4310876,-0.91845673,0.92,-0.92,3.8567467e-16,0.058989887,0.27779044,1931648.5,False,True,2.4861416e+08,1.9373719e+08,4.4235135e+08,37.414775,14.82372,5.9855985,5.9855985,0.00044877086,0.0042086189,340.4631
