t_now,cool_beta,cool_delta,beta_plus_delta,Pb,bubble_dMdt,Lmech_total,Lmech_W,Lmech_SN,bubble_Lgain,bubble_Lloss,cooling_ratio,v_struct_min,v_struct_nneg,R2,v2,Eb,bubble_Tavg,c_sound,betadelta_converged
0.0034101606231784296,0.3459307124717541,-0.09685144948313396,0.2491,12011.295202295709,6.407631606224024,683733.6581890283,683733.6581890283,1.2847728139136774e-17,683733.6581890283,105334.85826750036,0.84594,0.0005113061746128449,0,0.2586439816602752,28.178567286790006,1296.8002469702396,3100113.1733525353,270.63738797262465,True
0.0038073247405405702,0.40047574480503334,-0.09134746958018865,0.3091,11548.206465760053,6.20726417896956,683734.4135814152,683734.4135814152,1.3429308647655422e-17,683734.4135814152,113615.76089051028,0.83383,-0.00012961972401445766,1,0.26965331200879655,27.302748377126125,1413.5156356264167,3059539.543862335,268.86053242731975,True
0.004122803412780667,0.4363156780252753,-0.09093728117449185,0.3454,11179.236817911908,6.102005090219041,683734.8468745495,683734.8468745495,1.3760244293969884e-17,683734.8468745495,119224.1611673187,0.82563,-0.002556365318341646,1,0.27816488016785007,26.67909399167059,1502.4867089568609,3031613.788015269,267.63071587823316,True
0.004519967530142808,0.4765000938313818,-0.09115051936983075,0.3853,10731.29080665151,5.992023634860186,683735.1841803031,683735.1841803031,1.4013595182198808e-17,683735.1841803031,125585.79330183513,0.81632,0.00017112093728834657,0,0.2886158248245504,25.978168806286178,1611.512540954206,2999441.3061476923,266.2068355735078,True
0.005019967530142808,0.5198749714664791,-0.09139770827293789,0.4285,10198.451581183335,5.878239792509349,683735.2818803013,683735.2818803013,1.4076693394315772e-17,683735.2818803013,132672.82882518126,0.80596,-0.000675442581122674,1,0.3013991239935925,25.193620109442772,1744.6787200979627,2962735.047606966,264.5729419076621,True
0.005417131647504949,0.5463078127800637,-0.09126728082921633,0.455,9798.61252913363,5.811829844775354,683735.1023273148,683735.1023273148,1.3926057589898746e-17,683735.1023273148,137554.4328005179,0.79882,0.0020404659829792245,0,0.311284175925778,24.606153755435898,1847.0509330154396,2936438.002444864,263.3961586417285,True
0.00591713164750495,0.5748941672108605,-0.0906040364797124,0.4843,9332.604460399845,5.73924399847559,683734.555992814,683734.555992814,1.3487042525722992e-17,683734.555992814,143141.48540661734,0.79065,0.0013336239875809675,0,0.32341055995860735,23.928786976396278,1973.3493244096032,2905964.470263655,262.0258684205275,True
0.0065465943534020335,0.6043666979230229,-0.08917804106278535,0.5152,8800.855205930351,5.663086460807473,683733.36655187,683733.36655187,1.2544942772600952e-17,683733.36655187,149433.47452266593,0.78144,0.0026935988836628818,0,0.338216473902003,23.153565610745172,2128.8708481440917,2871215.573414842,260.4545324372908,True
0.007046594353402033,0.6043666979230229,-0.08917804106278535,0.5152,8416.38890879115,5.724448657572728,683732.028343347,683732.028343347,1.1492220651340998e-17,683732.028343347,152979.19199710424,0.77626,-0.001423126260443531,1,0.3496399952381785,22.56286588613201,2249.563103237582,2853214.54055084,259.6367912850006,True
0.007676057059299117,0.6403628833538906,-0.08581303655665005,0.5545,7990.483322358278,5.562168581247983,683729.855264764,683729.855264764,9.790430482393578e-18,683729.855264764,159387.13289087068,0.76689,-0.0006377498326549842,1,0.36361757597181993,21.87872776202593,2402.6887138424654,2817492.3250204376,258.0063469997553,True
0.008176057059299116,0.6403628833538906,-0.08581303655665005,0.5545,7673.732939284558,5.597462778391983,683727.7462679651,683727.7462679651,8.144528324338742e-18,683727.7462679651,162573.07460502832,0.76223,0.0007750984313680568,0,0.374422635696534,21.358902603319002,2519.627253966047,2800195.366810648,257.21316020338026,True
0.0088055197651962,0.6403628833538906,-0.08581303655665005,0.5545,7317.593802727633,5.636328394400485,683724.6160971252,683724.6160971252,5.708889727036599e-18,683724.6160971252,166583.46808411746,0.75636,0.001033233247457078,0,0.3876688007928021,20.752296349253744,2667.209987534624,2779918.253915749,256.2801866436188,True
0.009597966361426756,0.7546518508292371,-0.11809035466822095,0.6366,6909.445000325572,5.497878890722737,683719.934392493,683719.934392493,2.077997360580119e-18,683719.934392493,172997.21495208633,0.74698,0.003110474590964857,0,0.40412363011632557,20.7747758830574,2853.4047714172953,2744446.301433425,254.6398605697174,True
0.010227429067323839,0.804955413311288,-0.12720620199636734,0.6777,6580.060608948944,5.453279304145312,683715.6370590143,683715.6370590143,-1.2447567092130412e-18,683715.6370590143,176239.19617858162,0.74223,0.0009644990589182896,0,0.4171718057583726,20.686123242833744,2989.4523637095017,2720415.626565427,253.52258207010195,True
0.011019875663554396,0.8509038909467276,-0.13202261275097027,0.7189,6190.253526605505,5.40639454878309,683709.5124661758,683709.5124661758,-5.96668051531218e-18,683709.5124661758,179692.5671699795,0.73718,-0.0006746142368707505,1,0.4334876171415208,20.499823418185187,3155.705293146467,2691088.5658332407,252.1523467611037,True
0.012017506821038835,0.8881913302378982,-0.1349735754721265,0.7532,5744.641822130791,5.38534799053774,683700.6933493374,683700.6933493374,-1.2742033456498145e-17,683700.6933493374,183264.24036756167,0.73195,0.0018021851414913841,0,0.45377498122400023,20.186982751186353,3359.5829357709063,2656545.825209399,250.5288096359526,True
0.012809953417269392,0.8881913302378982,-0.1349735754721265,0.7532,5426.2954854165755,5.474816326462678,683692.827579296,683692.827579296,-1.8764168628348068e-17,683692.827579296,185009.26488724223,0.7294,-0.0012414469946753861,1,0.46964418747781755,19.876216049781057,3518.3611985838584,2635239.568055813,249.52213076356043,True
0.01380758457475383,0.8881913302378982,-0.1349735754721265,0.7532,5075.3286718779955,5.563270911552243,683681.8692897633,683681.8692897633,-2.7124951296014207e-17,683681.8692897633,187722.2925825852,0.72542,0.004540316993581908,0,0.48926134821466927,19.470030934716977,3720.9492187939063,2608430.680275246,248.24966369840166,True
0.014600031170984388,0.9207330500737086,-0.14987504076095695,0.7709,4829.700969407204,5.515696696669844,683672.3462863853,683672.3462863853,-3.436557829394212e-17,683672.3462863853,191084.85277876424,0.7205,-5.0506844836362917e-05,1,0.504550071472087,19.12812836278521,3883.54710351881,2580074.539217116,246.8966205646482,True
0.015597662328468827,0.9207330500737086,-0.14987504076095695,0.7709,4544.721645300556,5.556454822896707,683659.3545032261,683659.3545032261,-4.42089118829542e-17,683659.3545032261,193734.42736081095,0.71662,0.0019108142858739212,0,0.5234162526416416,18.711281395659743,4080.1313133340923,2553193.9331011325,245.6071020631361,True
0.016853605544223618,0.9207330500737086,-0.14987504076095695,0.7709,4232.554658326423,5.594081333563219,683641.4566189003,683641.4566189003,-5.770837498722541e-17,683641.4566189003,197145.74541057262,0.71162,0.0004891935384188908,0,0.5465871994084318,18.21142802207872,4327.548214999887,2521720.06113953,244.08857708617413,True
0.01785123670170806,0.9207330500737086,-0.14987504076095695,0.7709,4014.917893287502,5.605874454184342,683626.0550849895,683626.0550849895,-6.927184527538675e-17,683626.0550849895,199939.20720946547,0.70753,0.00470447321390914,0,0.5645511492876166,17.81644635815794,4523.498090829117,2497882.689568586,242.93217481141372,True
0.01910717991746285,0.9207330500737086,-0.14987504076095695,0.7709,3772.25711558391,5.615138995014345,683605.2289329366,683605.2289329366,-8.483419708053002e-17,683605.2289329366,203319.53100226933,0.70258,0.0021001114596210166,0,0.586623199220356,17.352093805164248,4768.685616976785,2470233.464373568,241.58391745747295,True
0.020688318747547042,0.9207330500737086,-0.14987504076095695,0.7709,3507.388017592091,5.620006940522618,683576.8280105522,683576.8280105522,-1.0592628145660021e-16,683576.8280105522,207315.35164659712,0.69672,0.0002780878658083622,0,0.6136127381577614,16.81487015358333,5074.8566966716235,2438744.190057591,240.03918461702935,True
0.021944261963301834,0.8933436565508273,-0.09453834187897091,0.7988,3323.0640304910703,5.450669891178703,683552.6152080306,683552.6152080306,-1.237937806580308e-16,683552.6152080306,211572.90242143994,0.69048,0.005014809633976795,0,0.634464048532471,16.40511200965022,5315.496518695973,2414642.2581217894,238.85009447405653,True
0.023525400793386025,0.8933436565508273,-0.09453834187897091,0.7988,3123.936177534684,5.445444826262423,683520.1611032832,683520.1611032832,-1.4758308971910888e-16,683520.1611032832,215604.68995883304,0.68457,0.0008283283452664575,0,0.6600130831127643,15.933491067531076,5625.7365459864495,2389253.674703637,237.591090178806,True
0.024781344009140817,0.8933436565508273,-0.09453834187897091,0.7988,2982.7874283634924,5.434164604021534,683492.8958368468,683492.8958368468,-1.674304049696462e-16,683492.8958368468,218648.73295014107,0.6801,0.0008672937988287694,0,0.6797942329555208,15.578698771988776,5869.48896350071,2370338.169705028,236.64872774937913,True
0.02636248283922501,0.8933436565508273,-0.09453834187897091,0.7988,2823.3371512146637,5.422074489756403,683456.8092656825,683456.8092656825,-1.9350737081551298e-16,683456.8092656825,222235.47127665946,0.67484,0.0010256777546667057,0,0.7040903842219265,15.17027233974326,6173.391821147451,2348476.3863565815,235.55488644860498,True
0.028353018691992495,0.8535228543240713,-0.12622010258824107,0.7273,2646.720516558292,5.798975032417665,683408.7760649975,683408.7760649975,-2.2788083894472106e-16,683408.7760649975,223040.9444834491,0.67363,0.001194352208597071,0,0.7338040857488671,14.706668705773767,6551.778922125639,2336212.6065951735,234.93904579637564,True
0.029934157522076683,0.8535228543240713,-0.12622010258824107,0.7273,2527.4976984927744,5.7905748191406,683368.7147094695,683368.7147094695,-2.562554256432477e-16,683368.7147094695,226817.03499605352,0.66809,0.004446026852471151,0,0.7567736579268884,14.360113268426783,6863.234794453623,2318790.934654839,234.06140944116663,True
0.031924693374844174,0.8535228543240713,-0.12622010258824107,0.7273,2393.0758835867628,5.784375879473392,683316.0972710795,683316.0972710795,-2.9311282935217355e-16,683316.0972710795,231321.34832119284,0.66147,0.004260584667021604,0,0.7849490965066519,13.965830565862634,7251.951759242716,2298672.575834554,233.04381233005464,True
0.03443062954298053,0.8535228543240713,-0.12622010258824107,0.7273,2244.4707482445738,5.781594907555022,683246.7730441972,683246.7730441972,-3.4094654372698555e-16,683246.7730441972,236700.1585883443,0.65357,-0.0010378730992636426,1,0.8193651688456027,13.52353512808493,7736.758927281651,2275648.2772164005,231.87375135677826,True
0.03642116539574802,0.8535228543240713,-0.12622010258824107,0.7273,2139.845558604799,5.774208760029176,683189.5779981228,683189.5779981228,-3.797690593222148e-16,683189.5779981228,240852.05441503244,0.64746,0.0013263865094908446,0,0.8459462980992981,13.195996295826706,8118.04251404456,2258380.6448131627,230.9923464574686,True
0.03892710156388438,0.8535228543240713,-0.12622010258824107,0.7273,2022.328355341154,5.770018455067317,683115.3283547752,683115.3283547752,-4.292614433981841e-16,683115.3283547752,245891.5728641968,0.64004,0.0016964142205501999,0,0.8785285586879078,12.824171996413044,8593.93399800346,2238236.504935144,229.95984450204355,True
0.04208188828628535,0.899399352768574,-0.05200989997491572,0.8474,1892.9544660377207,5.109380831341772,683019.047790817,683019.047790817,-4.918148189640591e-16,683019.047790817,257869.5855078224,0.62246,0.0011280716688056908,0,0.9182963163645411,12.40797017088309,9187.513833015415,2198654.798961861,227.9174320227455,True
0.04458782445442171,0.899399352768574,-0.05200989997491572,0.8474,1797.5228863680438,5.09577375244519,682940.9789719038,682940.9789719038,-5.410768940885899e-16,682940.9789719038,261970.5243963557,0.61641,0.0021454745773011466,0,0.9489893532557688,12.099916614879156,9629.19582090629,2179376.551180765,226.91601908466268,True
0.04774261117682267,0.86526675046152,-0.15520671532902525,0.7101,1691.0123726265906,5.840130321935003,682841.5612835465,682841.5612835465,-6.017136711270319e-16,682841.5612835465,260469.3941107324,0.61855,-0.0006633085151134788,1,0.9865831704116884,11.748592392202985,10179.002443744781,2172329.9774233443,226.54887852486232,True
0.05024854734495903,0.86526675046152,-0.15520671532902525,0.7101,1618.146123311202,5.832997461560098,682762.327827227,682762.327827227,-6.481612385530589e-16,682762.327827227,265031.77018144174,0.61182,0.00336371486011959,0,1.0156835645569966,11.485367300624537,10628.492598418956,2155438.2500417647,225.6663537323814,True
0.053403334067359996,0.86526675046152,-0.15520671532902525,0.7101,1535.5478302767617,5.828663850625251,682663.1148800168,682663.1148800168,-7.0362810359226125e-16,682663.1148800168,270544.89129918936,0.60369,0.0005968002012069389,0,1.0514235587804335,11.18420345845651,11189.222692193516,2135534.424726559,224.62200903446637,True
0.0573749752409814,0.86526675046152,-0.15520671532902525,0.7101,1443.6927608053882,5.827235789471871,682540.564883986,682540.564883986,-7.672284281824749e-16,682540.564883986,277018.0017174817,0.59414,0.0028849708890872692,0,1.0951369433910836,10.844401550262297,11888.086383112839,2112632.1164615527,223.4142950702152,True
0.06052976196338237,0.86526675046152,-0.15520671532902525,0.7101,1378.6744364989688,5.820686479521421,682446.3615203153,682446.3615203153,-8.115608429407961e-16,682446.3615203153,281943.2696979456,0.58686,0.002131622386720657,0,1.128936557271625,10.59191610276358,12437.20482197759,2095618.101606105,222.5128465318661,True
0.06450140313700378,0.9249024531864194,-0.12844639872362498,0.7965,1305.316603184725,5.344929043416389,682333.4521654978,682333.4521654978,-8.578981182415111e-16,682333.4521654978,292266.01676029846,0.57167,0.0025629539474872156,0,1.170408277433873,10.303909874171225,13122.128528554944,2064151.1464816616,220.83594628583316,True
0.06950140313700379,0.9249024531864194,-0.12844639872362498,0.7965,1218.8470027823319,5.326461820504504,682203.3159457732,682203.3159457732,-8.983004607752727e-16,682203.3159457732,297722.6852107253,0.56359,0.0022450115345644082,0,1.22107868975262,9.979970041170846,13914.828931218442,2039448.2288903694,219.51053165452188,True
0.0734730443106252,0.9249024531864194,-0.12844639872362498,0.7965,1158.1521867556496,5.303166263592076,682112.0245859055,682112.0245859055,-9.136749274000356e-16,682112.0245859055,301813.2136851589,0.55753,0.0018134725011325864,0,1.2602153194543841,9.736864654764732,14534.935905128215,2021330.444208007,218.53332697931614,True
0.0784730443106252,0.9249024531864194,-0.12844639872362498,0.7965,1090.2141150195991,5.2763355406087715,682015.7559125602,682015.7559125602,-9.086215661651971e-16,682015.7559125602,306559.8902804192,0.55051,0.0014564114670288788,0,1.3081741991485876,9.458595229410001,15305.225144882656,2000652.7783841447,217.41268511893577,True
0.08476767136959604,0.9249024531864194,-0.12844639872362498,0.7965,1015.7308526911567,5.245375671415751,681930.1154443354,681930.1154443354,-8.57753119511362e-16,681930.1154443354,311942.1434875627,0.54256,0.004583504125419779,0,1.3666749939512752,9.144662206641764,16260.206899606295,1977422.323935829,216.14676270537444,True
0.08976767136959604,0.9249024531864194,-0.12844639872362498,0.7965,963.6422283461501,5.2133597127589875,681895.4008605559,681895.4008605559,-7.770583116512965e-16,681895.4008605559,315867.8817303329,0.53678,0.0018648418496729337,0,1.4117917904633057,8.910766897534169,17005.684597616357,1960417.0877535597,215.21535741364264,True
0.09606229842856688,0.9249024531864194,-0.12844639872362498,0.7965,905.5414549787499,5.1774666585154545,681900.5250906853,681900.5250906853,-6.180419319207684e-16,681900.5250906853,320371.4622553478,0.53018,0.0002648886807729897,0,1.4670073499890004,8.644641262755641,17930.334475283198,1941004.9267915403,214.1471691948204,True
0.10398676439087245,0.8850132837912417,-0.09498828567917293,0.79,842.0870141090076,5.168656286094751,681996.2937732905,681996.2937732905,-3.152200622977408e-16,681996.2937732905,325026.1059366737,0.52342,0.00043315325175318024,0,1.5342684635755994,8.34623055425761,19074.943626534576,1922075.4424185457,213.10038480617766,True
0.1102813914498433,0.8850132837912417,-0.09498828567917293,0.79,799.6922715632951,5.138993260740221,682153.428908281,682153.428908281,1.6690959056385847e-17,682153.428908281,329752.07458852336,0.5166,0.0012805157725585892,0,1.5860818723090218,8.124935094267181,20013.268392102087,1907191.7894536634,212.27370650407593,True
0.11820585741214887,0.8850132837912417,-0.09498828567917293,0.79,752.4131481050205,5.108753878739321,682461.9567962193,682461.9567962193,5.50508694560902e-16,682461.9567962193,335325.4459596823,0.50865,0.0008708986982425,0,1.6494353268274233,7.875579133071845,21178.6779258914,1890072.6105845373,211.318862038249,True
0.12450048447111971,0.8850132837912417,-0.09498828567917293,0.79,718.845028645436,5.0821204503585315,682790.1598663002,682790.1598663002,1.0400353147068014e-15,682790.1598663002,339564.6614441563,0.50268,-0.0024799023219340527,1,1.6984084047832855,7.6908929768102094,22090.79322410237,1877241.3187354952,210.6003415962535,True
0.13242495043342528,0.8850132837912417,-0.09498828567917293,0.79,680.894479658456,5.054708570962363,683298.7422719052,683298.7422719052,1.6959473072104393e-15,683298.7422719052,344682.1473771989,0.49556,0.0022851097970319908,0,1.7584865612340954,7.480194215756811,23225.313715831566,1862186.8091527482,209.7541885579087,True
0.1424012620082697,0.8850132837912417,-0.09498828567917293,0.79,638.817899268716,5.0277840246793,684074.1779405042,684074.1779405042,2.5103452997530344e-15,684074.1779405042,350901.9618101913,0.48704,0.0017582998044331857,0,1.8318736217291758,7.24315381298368,24634.577062515305,1844592.5905091537,208.7609424808025,True
0.15032572797057525,0.8850132837912417,-0.09498828567917293,0.79,609.1002811446581,5.003648002863858,684783.9062858737,684783.9062858737,3.085354171245327e-15,684783.9062858737,355780.2331109097,0.48045,-0.00027622135821029123,1,1.8885515803874628,7.067521054223408,25737.64760739532,1831169.2932587827,207.99996769408222,True
0.16030203954541966,0.8850132837912417,-0.09498828567917293,0.79,575.6555573441441,4.980228727369242,685776.9924150365,685776.9924150365,3.633295080638589e-15,685776.9924150365,361850.8970460785,0.47235,0.0018406614417684237,0,1.9580206131900908,6.867535628223779,27109.509366160783,1815094.934876169,207.08502339677477,True
0.17286147170296756,0.8850132837912417,-0.09498828567917293,0.79,538.7616581317933,4.959558824774627,687153.0725030592,687153.0725030592,3.896272026052815e-15,687153.0725030592,369471.35427224013,0.46232,0.0006285542992341857,0,2.042794685469519,6.6429990860167525,28813.324727723975,1795776.3897071388,205.9800444930532,True
0.18283778327781197,0.8532459701673941,-0.26313131031514597,0.5901,512.8209246364765,5.986187395696459,688318.9890128459,688318.9890128459,3.640653486278187e-15,688318.9890128459,365574.07813383656,0.46889,-0.0011655229690491228,1,2.108207830510412,6.4766835089355865,30146.67319777653,1792556.7296258234,205.79531011995243,True
0.19539721543535987,0.8532459701673941,-0.26313131031514597,0.5901,484.7412334562496,5.973624839729664,689841.6636639173,689841.6636639173,2.5635766966184124e-15,689841.6636639173,373602.0163695534,0.45842,0.0008771788917017507,0,2.1883139563538396,6.287688310491868,31870.330609103305,1775746.2254332467,204.82806821102673,True
0.2112086037362018,1.0346797429844854,-0.036865601038466506,0.9978,453.82174495735734,3.8245643481632645,691781.7579895847,691781.7579895847,-2.8451333363304837e-16,691781.7579895847,406027.066520208,0.41307,-0.0006832779926653893,1,2.2859825507510445,6.077000515143247,34014.79348946152,1728317.7097057977,202.0741724967588,True
0.2237680358937497,0.9274472415493793,-0.12027829498040993,0.8072,427.6773166655953,4.787197205445959,693296.828853008,693296.828853008,-3.7727865727574074e-15,693296.828853008,396427.5613210929,0.4282,-0.0009367397930458057,1,2.3612954525397325,5.921774244216435,35329.135223175006,1722808.8247662103,201.75186721712268,True
0.2395794241945916,0.9274472415493793,-0.12027829498040993,0.8072,401.64604856352275,4.753616110747663,695160.1659129919,695160.1659129919,-8.70378897342887e-15,695160.1659129919,402454.4975624076,0.42106,-7.836694150360444e-05,1,2.4534408041255285,5.7416404267303465,37217.29986492472,1704184.539812961,200.6583928661196,True
0.2594847827222665,0.9274472415493793,-0.12027829498040993,0.8072,373.25321285609243,4.714857758376989,697436.730192515,697436.730192515,-1.3594355905243246e-14,697436.730192515,409315.18848692195,0.41311,0.0016338269786526738,0,2.5656143409736747,5.539319745209334,39551.43059461739,1683400.8349440626,199.43105564052996,True
0.2752961710231084,0.9274472415493793,-0.12027829498040993,0.8072,353.4790282030147,4.67666032280905,699190.525702743,699190.525702743,-1.4591040577879646e-14,699190.525702743,414226.1558747108,0.40756,-0.0003973936279074374,1,2.651966415357502,5.389096485781745,41367.48912526182,1668424.7925861834,198.54197438108287,True
0.29520152955078327,0.8392929372809879,-0.1665444860110885,0.6727,331.5102395561497,5.312882153036866,701330.3738548991,701330.3738548991,-9.707142103104345e-15,701330.3738548991,412359.23565209325,0.41203,0.0011096815195625633,0,2.7574663302621714,5.218591539096373,43614.09964154428,1660626.2232257356,198.07741735493477,True
0.31101291785162516,0.8392929372809879,-0.1665444860110885,0.6727,317.3937208742096,5.286751164866823,702976.5163941475,702976.5163941475,8.89812158731645e-16,702976.5163941475,418583.01505011413,0.40456,-0.0006311543511676772,1,2.8389413910115295,5.091469915550121,45569.71951023627,1650408.7421499677,197.46711296116342,True
0.33091827637930005,0.8392929372809879,-0.1665444860110885,0.6727,301.4003355092559,5.259472802646419,704985.8957855656,704985.8957855656,2.2451883612882922e-14,704985.8957855656,425866.2558333429,0.39592,0.0034729935436111988,0,2.938797678618432,4.947264055943943,48003.44005315703,1638736.1194039732,196.76757440909213,True
0.3559776380606637,1.0256120828915494,-0.014398353660436767,1.0112,283.62289322803537,3.516452656492784,707443.0138734442,707443.0138734442,4.840033983527002e-14,707443.0138734442,455297.1999080165,0.35642,0.0005960935578599203,0,3.0606582170423504,4.785861691746412,51029.05916966954,1605934.9429095946,194.78835631542506,True
0.37588299658833857,0.8996014834061143,-0.05728789041270182,0.8423,268.3384685055578,4.322441568275515,709362.6100184929,709362.6100184929,5.4358949444615475e-14,709362.6100184929,444610.29125050094,0.37323,0.0006213421817364275,0,3.1546984967955995,4.666919685661291,52867.49960720423,1602631.740928838,194.5879258780783,True
0.4009423582697022,0.8996014834061143,-0.05728789041270182,0.8423,253.32476493510697,4.281233912147176,711773.346121574,711773.346121574,2.47923890993611e-14,711773.346121574,449953.6793385959,0.36784,0.0005264348380627738,0,3.2698429447208297,4.528375135016727,55577.30261372893,1589850.9784042384,193.81046708631706,True
0.4324902254937119,0.8996014834061143,-0.05728789041270182,0.8423,236.79393034658858,4.235364993156863,714851.8991677273,714851.8991677273,-9.072197208463599e-14,714851.8991677273,456250.72349771624,0.36175,0.0028491435928303228,0,3.4101245124348414,4.372185943137518,58928.843244110685,1575164.486528816,192.9132132141964,True
0.45754958717507554,0.7662719355566802,-0.16014902873905454,0.6061,225.1827036083494,5.349012621092257,717334.9682532175,717334.9682532175,-1.848376638031074e-13,717334.9682532175,447926.44122958864,0.37557,0.0014740464308204905,0,3.518184340242782,4.256144214552688,61537.874512223076,1576242.970355989,192.9792438357259,True
0.48909745439908525,0.7662719355566802,-0.16014902873905454,0.6061,214.0412077712875,5.327985387789956,720481.5855843497,720481.5855843497,-1.6847129327794435e-13,720481.5855843497,458499.8652035861,0.36362,-1.0148394886447537e-06,1,3.6502821107613634,4.123721413701448,65334.213430639786,1567097.856437934,192.41861186061516,True
0.5288138661352993,1.106156051479776,-0.06308793436200405,1.0431,201.5940431663864,3.3630346228583736,724431.2377899933,724431.2377899933,2.782130026146307e-13,724431.2377899933,496592.33571648755,0.31451,0.00020608251234889086,0,3.8116736245864398,4.0719560793184675,70065.16796443769,1535541.6053701087,190.47141713804774,True
0.5788138661352994,1.2208991053891225,-0.2955990876929661,0.9253,180.57354124965715,5.128151125761704,729419.8134340465,729419.8134340465,7.435755147349098e-13,729419.8134340465,469071.0164715039,0.35693,0.0003412220334145124,0,4.02622795147674,4.530940073342761,73963.48498802895,1526601.3711339983,189.9161261195666,True
0.6288138661352994,1.6365604173136528,-0.30707295902090254,1.3295,161.59727305307797,4.439432950257952,734592.8693484624,734592.8693484624,-1.0383057702366682e-12,734592.8693484624,477334.08745189966,0.35021,0.000145016172916767,0,4.2644503206437285,5.007933891111144,78647.58597516658,1492809.6062154786,187.80243958207762,True
0.6788138661352995,1.7882625110442352,-0.3658200033664857,1.4224,141.3296709218726,5.18975088117388,739804.0194738689,739804.0194738689,-2.7750621736722706e-12,739804.0194738689,457420.49341441796,0.3817,0.0008340092415247731,0,4.526657527928405,5.490712255404406,82263.5732819293,1464216.5185738567,185.99517152828213,True
0.7288138661352995,1.9913436693134363,-0.3716523197309565,1.6197,123.48967654285484,5.419399663977614,744463.6308946066,744463.6308946066,3.875010078332061e-12,744463.6308946066,444551.152694492,0.40286,0.0011375849667639845,0,4.812900841902454,5.969472999201087,86392.02295424166,1432860.4985147151,183.9928616312,True
0.7788138661352996,2.16074539567982,-0.35693042732986996,1.8038,107.45710043370416,5.661280215749615,748627.3375107365,748627.3375107364,1.0356673179954154e-11,748627.3375107365,429675.1500765029,0.42605,-0.00019455217121734086,1,5.122997810837988,6.444879845772838,90658.62239458067,1403580.555440655,182.10324739213408,True
0.8288138661352996,2.2942345955632573,-0.32884950888280085,1.9654,93.36659556917198,5.956150999126262,753270.9580826003,753270.9580826001,-1.4461734543091685e-11,753270.9580826003,413347.1594763539,0.45126,0.0014862440737354143,0,5.4567489427818785,6.915561881427544,95185.9071127093,1377401.7583527374,180.39701019619943,True
0.8788138661352997,2.3989998556823147,-0.317236567875868,2.0818,81.18620877758035,6.4198060475598675,758602.81892976,758602.81892976,-3.8651630546144346e-11,758602.81892976,396166.62333467026,0.47777,0.0011057933966994674,0,5.81390780563188,7.381044400910334,100102.1047555921,1354562.055284233,178.89511095565834,True
0.9288138661352997,2.5035188464671694,-0.3398292108753728,2.1637,70.7530156456298,7.016903149901956,763687.9471558426,763687.9471558424,5.397192809403502e-11,763687.9471558426,379962.50401195,0.50246,0.0010874065610042027,0,6.19422217844147,7.841599187811306,105497.20854431034,1333407.2329481742,177.49266990664788,True
0.9788138661352997,2.618845877811975,-0.39188923681523263,2.227,61.78453732712644,7.683746830490715,768100.782272174,768100.7822721739,1.4424984900462337e-10,768100.782272174,365589.1375522546,0.52403,0.000412510737970159,0,6.59746311643762,8.297905237531653,111308.19960975024,1311988.9430835822,176.06138196994692,True
1.0288138661352997,2.7342673428715627,-0.47337139039292186,2.2609,54.02208054345061,8.485484791277974,772237.913968474,772237.9139684744,-2.0142597783304695e-10,772237.913968474,352524.7252301519,0.5435,0.00194892919138681,0,7.023427269885869,8.750309100714178,117412.68084441542,1289204.4310643892,174.52591104057439,True
1.0788138661352997,2.8454154163147924,-0.5503710283078959,2.295,47.289490995479774,9.27896781498933,776576.569355996,776576.5693559966,-5.383477654723474e-10,776576.569355996,340869.9914762094,0.56106,0.0010613157827540087,0,7.471915969061338,9.19864749358431,123747.1549996361,1264332.4365435257,172.8341901250992,True
1.1288138661352998,2.9537884934066914,-0.5542099228415817,2.3996,41.44728213440265,9.672485551817132,781607.7270170471,781607.7270170465,7.517319832381625e-10,781607.7270170471,331333.4730301221,0.57609,0.0009919797826110626,0,7.942717799493145,9.642575220230421,130273.25754244113,1238391.3930660272,171.05193106582382,True
1.1788138661352998,2.9537884934066914,-0.5542099228415817,2.3996,36.372257007814156,10.570533197325272,787174.3024834573,787174.3024834554,2.0091412128847715e-09,787174.3024834573,318570.50008848525,0.5953,0.0009004742873261193,0,8.435602281219074,10.081677796868654,136945.07377161217,1218830.2576497665,169.6956198457685,True
1.2288138661352999,3.1624875416356177,-0.4929044882052923,2.6696,32.09520104707728,9.977348490970115,792241.3908360697,792241.3908360725,-2.8055019551196025e-09,792241.3908360697,315410.3332425542,0.60188,-0.000794054819574926,1,8.950316608489862,10.51547871047863,144331.7067914965,1191473.6688768258,167.78040697062335,True
1.2788138661353,3.1624875416356177,-0.4929044882052923,2.6696,28.235610932151914,10.780649093769286,796662.6678922413,796662.6678922487,-7.498217086066707e-09,796662.6678922413,301932.37488937186,0.621,-0.0013994196902673102,1,9.48662828650919,10.945304796963462,151185.5372627551,1174695.1837381113,166.59486582347483,True
1.3288138661353,3.2770445230860585,-0.45544477047631027,2.8216,24.964659165919986,10.694241524540349,801589.7142216392,801589.7142216287,1.0470275837240377e-08,801589.7142216392,294517.33279363025,0.63258,-0.0001842279772468263,1,10.044278565560285,11.368708508767888,158647.5275192045,1153757.3937686735,165.1034953134978,True
1.3788138661353,3.2770445230860585,-0.45544477047631027,2.8216,22.083776094705577,11.44208537062394,807280.4193500174,807280.4193499894,2.7983727131382112e-08,807280.4193500174,282596.62362683273,0.64994,-0.0013702569709613777,1,10.622970191962054,11.786664262916762,166010.1949792035,1138540.2446107706,164.01108898457946,True
1.4288138661353,3.2770445230860585,-0.45544477047631027,2.8216,19.622277110883307,12.193379657922048,812640.8479827174,812640.8479827566,-3.9075601393841866e-08,812640.8479827174,272428.1975886024,0.66476,0.0003161105778875209,0,11.222406325735196,12.198179150202233,173902.2226058975,1123756.3365691842,162.94277030428734,True
1.4788138661353,3.3925114108143766,-0.5464743683769292,2.846,17.50717715443221,12.818839961254112,817278.8673967309,817278.8673968352,-1.0443669143946179e-07,817278.8673967309,264771.9513063677,0.67603,0.0007059088076535098,0,11.842280487874985,12.603891009056861,182303.75661452554,1105710.0890864714,161.62913739860468,True
1.5288138661353001,3.3925114108143766,-0.5464743683769292,2.846,15.621813265381137,13.565539946737719,821899.2975516833,821899.2975515375,1.4583212973812703e-07,821899.2975516833,256364.15654966392,0.68808,0.001141373446393939,0,12.482313523973602,13.004251959847767,190485.7339790739,1088856.0464242755,160.39257232634552,True
1.5788138661353002,3.4671690135836637,-0.6376692500581056,2.8295,13.991461599314828,14.432603778296732,826730.8778194652,826730.8778190756,3.897630386264631e-07,826730.8778194652,248425.02786943878,0.69951,0.0019583117286672163,0,13.142207598435842,13.398034451924639,199107.42598080178,1071552.1308360493,159.1130025143261,True
1.6288138661353002,3.4671690135836637,-0.6376692500581056,2.8295,12.546578128552598,15.15286259503982,831238.1658737859,831238.1658743301,-5.442529175586738e-07,831238.1658737859,240855.50965121953,0.71024,0.0002783958921858817,0,13.821639315483841,13.785468842829632,207679.4555509002,1055976.2598176945,157.9523516718189,True
1.6788138661353003,3.5541604652820564,-0.6279982042895927,2.9262,11.288580395432351,15.197728382858244,835127.5200800681,835127.5200815228,-1.4546154630663952e-06,835127.5200800681,236376.7328831305,0.71696,-0.0006327921223174683,1,14.520271310324185,14.165749572793963,216632.20603372657,1037739.1092718885,156.58245975608716,True
1.7288138661353003,3.5541604652820564,-0.6279982042895927,2.9262,10.163375568019726,15.844950992802051,838529.1079876003,838529.1079855692,2.0311795404965646e-06,838529.1079876003,228808.80611344732,0.72713,0.00522724632218684,0,15.23774621823579,14.538895898043933,225386.34301208032,1024293.4224757961,155.56475556365112,True
1.7788138661353003,3.5541604652820564,-0.6279982042895927,2.9262,9.17819895236525,16.473218559916678,842110.5791801113,842110.5791746827,5.428698813639095e-06,842110.5791801113,221636.65656645774,0.73681,-0.00041417290872292176,1,15.973681043304984,14.903847242649961,234460.50672280556,1011977.2880490605,154.62666952963508,True
1.8288138661353004,3.62749526223168,-0.5394457008053067,3.088,8.313102536193847,15.83353885096385,847176.662879036,847176.6628866165,-7.580465244427693e-06,847176.662879036,219268.4829752812,0.74118,0.0010083562646274143,0,16.72717019934892,15.240491180109494,243835.10500391334,994651.063938766,153.29726080668846,True
1.8788138661353004,3.62749526223168,-0.5394457008053067,3.088,7.535436385126737,16.330695373708615,852190.5327376586,852190.5327579189,-2.0260179791490038e-05,852190.5327376586,212561.78543421364,0.75057,0.0007019905893976054,0,17.497230189225938,15.56637100840098,252957.09313605612,982715.5839295244,152.37472700768592,True
1.9288138661353005,3.62749526223168,-0.5394457008053067,3.088,6.848419366171209,16.806866347843894,851666.3412527732,851666.3412244826,2.829068143721415e-05,851666.3412527732,206400.011078388,0.75765,-0.004338514979736725,1,18.283295040001818,15.880370401474044,262275.1968313577,971058.9210916545,151.46832059504203,True
1.9788138661353005,3.7256923141721816,-0.6549022418551526,3.0708,6.239556082689516,17.423149449230046,842145.9295973125,842145.9295217006,7.561202035232077e-05,842145.9295973125,200538.9557102288,0.76187,0.0003165419883432109,0,19.08476033214158,16.182078422049713,271771.0133674741,957810.9021693667,150.431541904181,True
2.0288138661353003,3.867825828336931,-0.7734925666583079,3.0943,5.684658551394739,17.674795423593288,823459.5160221716,823459.5161277539,-0.00010558226050442891,823459.5160221716,195714.36695793236,0.76233,0.0007862844583600765,0,19.900999652134814,16.471026349129957,280744.4846352758,941729.4949085234,149.16334205953572,True
2.0788138661353,4.027518740493901,-0.8899403945056978,3.1376,5.173529625270487,17.700151238882064,799211.6292496742,799211.629531862,-0.00028218790161779457,799211.6292496742,191146.69193188407,0.76083,0.0014024246155798555,0,20.73134031908674,16.745822216538674,288831.3820943659,923291.5483862865,147.69590321880017,True
2.1288138661353,4.140447595123358,-0.9481071790492158,3.1923,4.701558779266498,17.53044754265975,777773.0425568371,777773.0421627988,0.0003940383605804913,777773.0425568371,186341.50560336316,0.76042,0.0005569320139509935,0,21.575031931764027,17.004747663070667,295838.8355829426,904280.5207495635,146.16742859502943,True
2.1788138661353,4.140447595123358,-0.9481071790492158,3.1923,4.271256240927241,17.72502119363543,762127.3312651152,762127.3302119755,0.0010531395861188612,762127.3312651152,179729.32132577198,0.76417,0.0010644150620889967,0,22.431237158686677,17.246046148891164,302027.703270499,888742.2407577134,144.90618742220298,True
2.2288138661352996,4.226996211591074,-0.9521392860574014,3.2749,3.888959122211979,17.16159499368431,747390.6681293387,747390.6695999098,-0.0014705711818175018,747390.6681293387,175743.69738810256,0.76486,0.0008974781698852228,0,23.299043221730305,17.468464430241788,308141.3794933442,869778.9786375735,143.35190628717567,True
2.2788138661352995,4.226996211591074,-0.9521392860574014,3.2749,3.541660137387302,17.226906551710112,731629.4153203844,731629.419250755,-0.0039303704428576645,731629.4153203844,169417.02956636107,0.76844,-0.0023325089284445067,1,24.177498280208475,17.67170483086835,313552.76827699534,854997.8710156897,142.12861880918044,True
2.3288138661352993,4.226996211591074,-0.9521392860574014,3.2749,3.2320885297198516,17.23932782347404,717739.8566753382,717739.8511870918,0.0054882463666893755,717739.8566753382,163374.0591898323,0.77238,-0.0010977683979755469,1,25.065620497169004,17.85486052876489,318824.3394188904,840888.9515386466,140.95105865790657,True
2.378813866135299,4.226996211591074,-0.9521392860574014,3.2749,2.955427980617673,17.200591345001286,706489.9311438173,706489.9164754751,0.01466834218531171,706489.9311438173,157618.0012864627,0.7769,0.00013735686162586242,0,25.962399939720537,18.017722339596858,323925.8257732539,827311.1776597328,139.8084641978225,True
2.428813866135299,4.226996211591074,-0.9521392860574014,3.2749,2.7075718043390875,17.11275913363087,695263.3233403126,695263.3438227266,-0.02048241428494003,695263.3233403126,152172.21010576063,0.78113,0.0008136527153405083,0,26.866817064412274,18.16011598475692,328833.4783587561,814106.4572791202,138.68823420517518,True
2.4788138661352987,4.183248401562423,-0.8590642026796226,3.3242,2.485025108686143,16.503292945257257,683628.000197198,683628.0549401963,-0.054742998298389654,683628.000197198,148118.1332158041,0.78334,0.00019764978976551236,0,27.77784485708053,18.28191780625324,333526.53309165017,800835.6775072038,137.5532086328689,True
2.5288138661352986,4.183248401562423,-0.8590642026796226,3.3242,2.286757458886014,16.33023533669088,674466.3099062062,674466.2334647953,0.07644141077306886,674466.3099062062,143465.95538549844,0.78729,0.00046333747005034346,0,28.6944517158994,18.383068746742417,338276.33777019585,788208.0193556831,136.46442308926464,True
2.5788138661352984,4.0500709397275045,-0.7849205670167877,3.2652,2.1078007716289546,16.648870172597384,668445.469204705,668445.2649010539,0.2043036510082476,668445.469204705,137531.58444979502,0.79425,0.0019665244623042087,0,29.615610986451102,18.463827979211455,342764.7428670931,779989.439883434,135.7511071997139,True
2.628813866135298,3.972975716367406,-0.7510972455416141,3.2219,1.950902309373099,16.826750675738282,662878.2963280899,662878.5816113186,-0.28528322880732837,662878.2963280899,132855.25990657404,0.79958,0.0016122103647648492,0,30.540304176025945,18.524261173998976,347863.1416700072,770639.0577638163,134.93497319392833,True
2.678813866135298,3.899412069396056,-0.7261923665054317,3.1732,1.8109822415723569,17.044104809927603,657093.2904786741,657094.0529502798,-0.7624716057346034,657093.2904786741,128595.4658663485,0.8043,-0.0011534151472010268,1,31.46753512364894,18.565199859322856,353185.41263887216,761495.8479248432,134.13212000258545,True
2.728813866135298,3.8101386807154305,-0.6879345435374532,3.1222,1.6857409223711004,17.268345224564253,653527.9600582724,653526.8953667678,1.0646915044562193,653527.9600582724,124726.49381435613,0.80915,-0.0005733605715960618,1,32.39634232067699,18.587195650738906,358692.00796644227,752781.0611777822,133.36238730836146,True
2.7788138661352977,3.6931185899595906,-0.625457164247047,3.0677,1.5737889124487945,17.510883310660546,653789.1356750752,653786.2900923033,2.8455827719301756,653789.1356750752,121157.23488613972,0.81468,-0.00024354612626914816,1,33.32579243876862,18.590823026921854,364470.2166251439,744949.4859290428,132.66685423366636,True
2.8288138661352975,3.5504109734572387,-0.5444039721684254,3.006,1.4741733811350557,17.81098553338978,657871.0275786078,657875.0010613969,-3.973482789017448,657871.0275786078,117830.8999606141,0.82089,0.0005643103543487621,0,34.2549837820276,18.57677193585778,370685.09347509325,738298.2457796286,132.07327199815143,True
2.8788138661352973,3.4458356495156734,-0.5082952311463311,2.9375,1.3858101069068551,18.189349794394907,659085.0104021512,659095.6302616331,-10.61985948198604,659085.0104021512,114872.08202857879,0.82571,0.0005414632969795535,0,35.18305306925701,18.545887998640936,377496.6395030873,731712.1951006481,131.48286707615082,True
2.928813866135297,3.4913877589861104,-0.6139618507223644,2.8774,1.3063463485007778,18.521004033730257,642499.7966450426,642484.9674053909,14.8292396516136,642499.7966450426,112634.00060016362,0.82469,0.0009763361938551143,0,36.10918201411116,18.49912389478166,384717.95444547513,722471.5086413744,130.6499901871786,True
2.978813866135297,3.4913877589861104,-0.6139618507223644,2.8774,1.2321038000620324,18.197924336459433,630726.0537946891,630686.4199395331,39.633855156014334,630726.0537946891,111490.87833984327,0.82323,-1.887919282594021e-05,1,37.032596199671616,18.43727935224764,391413.0916851619,712491.1481008728,129.74443988858903,True
3.028813866135297,2.7409223779335607,0.002046264181728242,2.743,1.163822239420261,19.00701741601295,697705.418348051,697760.7618238685,-55.34347581743555,697705.418348051,106588.7966048329,0.84723,0.00028185929257509997,0,37.95254969511646,18.3606913301191,397584.7275099883,720912.2316092397,130.50892610028404,True
3.0788138661352966,1.4405789207713018,1.0983068997690577,2.5389,1.1137198018339554,20.50635321985652,853526.1118882695,853674.0274494117,-147.91556114207174,853526.1118882695,101621.65117816655,0.88094,-7.70941938375739e-05,1,38.86832092159503,18.26999631860965,407801.7260696934,741965.2561716237,132.4008592399895,True
3.1288138661352964,0.33528278597431493,1.8683976495636023,2.2037,1.087870370063266,23.652833094887495,1015379.9200033208,1015173.3753397026,206.5446636181238,1015379.9200033208,97854.0707073357,0.90363,-0.0004981901803770086,1,39.77928512466911,18.168432753858117,426082.34783268865,765180.3986439778,134.456232220103,True
3.1788138661352963,-0.1993495484254422,2.0048221684373897,1.8055,1.0806829567249998,27.93405020756775,1127836.2730228705,1127284.2446334583,552.0283894122747,1127836.2730228705,96307.4022622636,0.91461,-0.0011611037090351664,1,40.68501908642673,18.060820614758775,452307.31139333366,784277.2132176493,136.12372264639845,True
3.228813866135296,-0.23323807176722433,1.6684406507508542,1.4352,1.0821449874990197,32.42621901043683,1183135.869463448,1183906.704642103,-770.8351786550411,1183135.869463448,96816.5184545389,0.91817,0.0022560851898197312,0,41.585324816226645,17.951394501999243,483584.28497540904,797593.3951393642,137.27447562972833,True
3.278813866135296,0.03091551834576745,1.1306639560553782,1.1616,1.0843081657509437,36.27791068552634,1191236.5381572177,1193296.7361537246,-2060.197996507033,1191236.5381572177,99000.78872840804,0.91689,1.551631028612173e-05,0,42.480160503670064,17.842085389073027,516792.1265720777,804804.7595017861,137.8936562314525,True
3.3288138661352957,0.33971285151902475,0.6602447276685923,1.0,1.0825918285302878,39.06775873880246,1181441.6251729226,1178564.8291219207,2876.796051001968,1181441.6251729226,102221.95580144484,0.91348,-0.001697997328267646,1,43.36953523166023,17.732914353293477,549468.2640617705,807795.5837314667,138.14963958498404,True
3.3788138661352956,0.6074687229879407,0.31415570024472494,0.9216,1.0763156308830264,40.928802295242924,1168535.3379430347,1160846.5743464187,7688.7635966158205,1168535.3379430347,105947.16148477186,0.90933,0.0023227010804725196,0,44.253444986215165,17.623522186371016,580741.3491349007,808039.3812728961,138.1704852062616,True
3.4288138661352954,0.8811726042713015,0.013362524501175237,0.8945,1.0662298755431012,42.15551229432219,1145956.089129515,1156692.4381548679,-10736.349025352842,1145956.089129515,109887.78302825175,0.90411,-0.0015995664445263367,1,45.1318566401996,17.513025250914765,610530.4661535142,805555.1490620087,137.95792638556597,True
3.478813866135295,1.0317494586246116,-0.12711481462193394,0.9046,1.0524054889714842,42.77901904769789,1138308.17015353,1167003.0265434869,-28694.856389956505,1138308.17015353,113744.7136527373,0.90008,-0.0017228062189585981,1,46.00469608743559,17.400668680027554,638436.0612585893,802846.4758337088,137.72578982853685,True
3.528813866135295,0.719879307974638,0.2093366423419765,0.9292,1.036821467028785,42.90263572103869,1214127.8368777276,1171736.5412464414,42391.2956312865,1214127.8368777276,117113.76425032386,0.90354,0.0018245180976883464,0,46.871850875430155,17.285674134633158,665312.3119838855,807045.5242225036,138.0854868973041,True
3.578813866135295,-0.022201375131710045,0.9288950112319446,0.9067,1.0260182850560113,43.48306195465267,1382151.5658645541,1161406.5651128374,220745.00075171675,1382151.5658645541,119983.53913979797,0.91319,0.0014991165972274257,0,47.733181247883884,17.167727639939894,695423.3184689282,820750.6585980594,139.25302524720402,True
3.6288138661352947,-0.7188187388731234,1.5086902915995368,0.7899,1.0255503208546093,45.58641379314919,1564249.7459048568,1143172.0367302194,421077.70917463745,1564249.7459048568,122949.86183547907,0.9214,-0.0020483483747749847,1,48.588573873783446,17.048195909349694,733314.9995229959,838334.3575535059,140.73679337676512,True
3.6788138661352945,-1.0437426121869091,1.646511976438206,0.6028,1.0344079834569742,49.166736373614405,1695049.017117086,1120845.5999951272,574203.4171219592,1695049.017117086,126635.80048698209,0.92529,0.0023821838079902268,0,49.43804214597686,16.93117317644459,779445.153247501,853962.7677347456,142.04255873894303,True
3.7288138661352943,-0.8952870742804352,1.3099732958445252,0.4147,1.047542016219376,53.32579594404869,1736552.313364676,1091913.3228374692,644638.9905272066,1736552.313364676,131502.29352303094,0.92427,-0.0014296150291465187,1,50.2817664534367,16.818655107864707,830970.2079864859,863328.9120930854,142.81938598657203,True
3.778813866135294,-0.4042885107389167,0.7020034676708037,0.2977,1.0587427837257561,56.835562316769014,1692569.5615578769,1053334.4286959155,639235.1328619613,1692569.5615578769,137618.10088414236,0.91869,-0.002912456181048995,1,51.11999006128514,16.71107805105001,883235.2391862203,864918.5571401403,142.95081197849768,True
3.828813866135294,0.11758968936895449,0.1659271966996858,0.2835,1.0634468694183032,58.79857344044768,1621515.2157633442,1002142.1718509791,619373.0439123653,1621515.2157633442,144594.64982369705,0.91083,0.0004164169604590914,0,51.952938732756195,16.60737249926344,931932.131057415,861281.8832224844,142.64996683000192,True
3.8788138661352938,0.5143009061464658,-0.16834498469942008,0.346,1.061271304804828,59.30744497977998,1562254.5291140222,942617.3057061055,619637.2234079165,1562254.5291140222,151858.23449764252,0.9028,-0.003253750377855903,1,52.78076638691609,16.506029900861396,975826.7792912545,855482.3205171939,142.1688787854235,True
3.9288138661352936,0.785756852417053,-0.34531977871517666,0.4404,1.0540062062969668,58.9773603030568,1520940.2090660254,888937.8584826397,632002.3505833856,1520940.2090660254,158925.41852259138,0.89551,0.0006351476586769354,0,53.60355647271784,16.405884775309694,1015684.6068257178,849213.9542227712,141.6470649187849,True
3.9788138661352934,0.9574238683930648,-0.4196314196439668,0.5378,1.0434191642174104,58.29894221797231,1497299.33884487,849991.3273238841,647308.0115209859,1497299.33884487,165475.4542909698,0.88948,-0.004607245172892524,1,54.42133376990508,16.305536538807683,1052567.4530080378,843443.2278069664,141.16497213218963,True
4.0,0.9574238683930648,-0.4196314196439668,0.5378,1.0381089780534274,58.56526099207858,1491210.652013257,838103.2101353524,653107.4418779046,1491210.652013257,167068.8631963739,0.88796,0.0013533666151019149,0,54.76632631250348,16.262293516946755,1067368.552225623,843275.1860098147,141.15090906518034,True
